Order_ID,Line_Item,Product,Category,Quantity,Selling_Price,Unit_Cost,Revenue,Total_Cost,Profit,Profit_Margin
ORD00001,1,Bedsheet,Home & Kitchen,4,959,560,3836,2240,1596,41.605839416058394
ORD00001,2,Power Bank,Electronics,2,959,580,1918,1160,758,39.520333680917624
ORD00001,3,Men's Watch,Accessories,2,1439,850,2878,1700,1178,40.931202223766505
ORD00002,1,Men's T-Shirt,Clothing,1,499,280,499,280,219,43.8877755511022
ORD00003,1,Sunglasses,Accessories,2,611,260,1222,520,702,57.446808510638306
ORD00004,1,Power Bank,Electronics,5,1019,580,5095,2900,2195,43.08145240431796
ORD00005,1,Women's Sandals,Footwear,4,845,500,3380,2000,1380,40.828402366863905
ORD00006,1,Women's Sandals,Footwear,1,917,500,917,500,417,45.47437295528899
ORD00006,2,Backpack,Accessories,5,917,480,4585,2400,2185,47.655398037077425
ORD00007,1,Bluetooth Earbuds,Electronics,4,1631,950,6524,3800,2724,41.75352544451257
ORD00007,2,Men's Jeans,Clothing,2,1019,570,2038,1140,898,44.062806673209025
ORD00008,1,Smartphone,Electronics,3,15299,12500,45897,37500,8397,18.295313419177724
ORD00009,1,Water Bottle,Home & Kitchen,5,407,180,2035,900,1135,55.77395577395578
ORD00010,1,Bluetooth Earbuds,Electronics,3,1503,950,4509,2850,1659,36.793080505655354
ORD00010,2,Coffee Mug,Home & Kitchen,3,281,110,843,330,513,60.854092526690394
ORD00011,1,Men's Wallet,Accessories,3,305,120,915,360,555,60.65573770491803
ORD00011,2,Men's T-Shirt,Clothing,5,509,280,2545,1400,1145,44.9901768172888
ORD00012,1,Sunglasses,Accessories,1,575,260,575,260,315,54.78260869565217
ORD00012,2,Women's Kurti,Clothing,3,767,430,2301,1290,1011,43.9374185136897
ORD00012,3,Men's T-Shirt,Clothing,5,479,280,2395,1400,995,41.544885177453025
ORD00013,1,Women's Kurti,Clothing,5,815,430,4075,2150,1925,47.239263803680984
ORD00014,1,Bluetooth Earbuds,Electronics,4,1503,950,6012,3800,2212,36.793080505655354
ORD00015,1,Coffee Mug,Home & Kitchen,5,299,110,1495,550,945,63.21070234113713
ORD00015,2,Backpack,Accessories,5,899,480,4495,2400,2095,46.60734149054505
ORD00016,1,Men's Watch,Accessories,3,1409,850,4227,2550,1677,39.6735273243435
ORD00016,2,Women's Sandals,Footwear,1,845,500,845,500,345,40.828402366863905
ORD00016,3,Men's Wallet,Accessories,5,281,120,1405,600,805,57.29537366548043
ORD00017,1,Men's Shirt,Clothing,2,699,350,1398,700,698,49.92846924177397
ORD00017,2,Men's Watch,Accessories,5,1499,850,7495,4250,3245,43.29553035356904
ORD00018,1,Women's Sandals,Footwear,2,917,500,1834,1000,834,45.47437295528899
ORD00019,1,Bedsheet,Home & Kitchen,1,959,560,959,560,399,41.605839416058394
ORD00019,2,Men's Wallet,Accessories,3,287,120,861,360,501,58.18815331010453
ORD00020,1,Men's Watch,Accessories,5,1529,850,7645,4250,3395,44.408109875735775
ORD00020,2,Bluetooth Earbuds,Electronics,5,1631,950,8155,4750,3405,41.75352544451257
ORD00021,1,Sunglasses,Accessories,4,599,260,2396,1040,1356,56.594323873121866
ORD00021,2,Coffee Mug,Home & Kitchen,2,299,110,598,220,378,63.21070234113713
ORD00022,1,Men's Shirt,Clothing,3,671,350,2013,1050,963,47.83904619970194
ORD00023,1,Bedsheet,Home & Kitchen,1,999,560,999,560,439,43.94394394394394
ORD00023,2,Men's Wallet,Accessories,2,299,120,598,240,358,59.86622073578596
ORD00023,3,Sunglasses,Accessories,5,599,260,2995,1300,1695,56.594323873121866
ORD00024,1,Men's Shirt,Clothing,2,699,350,1398,700,698,49.92846924177397
ORD00025,1,Men's Watch,Accessories,2,1499,850,2998,1700,1298,43.29553035356904
ORD00025,2,Smartphone,Electronics,3,14999,12500,44997,37500,7497,16.661110740716047
ORD00025,3,Water Bottle,Home & Kitchen,1,399,180,399,180,219,54.88721804511278
ORD00026,1,Smartphone,Electronics,3,14999,12500,44997,37500,7497,16.661110740716047
ORD00026,2,Men's Sneakers,Footwear,5,1299,780,6495,3900,2595,39.95381062355658
ORD00027,1,Women's Sandals,Footwear,1,899,500,899,500,399,44.38264738598443
ORD00028,1,Men's T-Shirt,Clothing,4,469,280,1876,1120,756,40.298507462686565
ORD00028,2,Water Bottle,Home & Kitchen,2,375,180,750,360,390,52.0
ORD00029,1,Sunglasses,Accessories,2,611,260,1222,520,702,57.446808510638306
ORD00030,1,Bluetooth Earbuds,Electronics,3,1599,950,4797,2850,1947,40.58786741713571
ORD00031,1,Men's Sneakers,Footwear,3,1247,780,3741,2340,1401,37.44987971130714
ORD00031,2,Bluetooth Earbuds,Electronics,5,1535,950,7675,4750,2925,38.11074918566775
ORD00032,1,Power Bank,Electronics,3,939,580,2817,1740,1077,38.232161874334395
ORD00033,1,Bedsheet,Home & Kitchen,4,1019,560,4076,2240,1836,45.0441609421001
ORD00033,2,Water Bottle,Home & Kitchen,1,407,180,407,180,227,55.77395577395578
ORD00034,1,Smartphone,Electronics,3,14099,12500,42297,37500,4797,11.34122987445918
ORD00035,1,Men's Jeans,Clothing,1,999,570,999,570,429,42.94294294294294
ORD00035,2,Men's Shirt,Clothing,5,699,350,3495,1750,1745,49.92846924177397
ORD00036,1,Men's Watch,Accessories,5,1499,850,7495,4250,3245,43.29553035356904
ORD00037,1,Men's Shirt,Clothing,1,713,350,713,350,363,50.911640953716685
ORD00038,1,Bedsheet,Home & Kitchen,4,1019,560,4076,2240,1836,45.0441609421001
ORD00039,1,Water Bottle,Home & Kitchen,2,399,180,798,360,438,54.88721804511278
ORD00039,2,Backpack,Accessories,2,899,480,1798,960,838,46.60734149054505
ORD00039,3,Power Bank,Electronics,5,999,580,4995,2900,2095,41.94194194194194
ORD00040,1,Men's Watch,Accessories,3,1529,850,4587,2550,2037,44.408109875735775
ORD00040,2,Men's Sneakers,Footwear,4,1325,780,5300,3120,2180,41.132075471698116
ORD00040,3,Bedsheet,Home & Kitchen,4,1019,560,4076,2240,1836,45.0441609421001
ORD00041,1,Men's Jeans,Clothing,1,1019,570,1019,570,449,44.062806673209025
ORD00042,1,Women's Kurti,Clothing,4,815,430,3260,1720,1540,47.239263803680984
ORD00042,2,Smartphone,Electronics,4,15299,12500,61196,50000,11196,18.295313419177724
ORD00043,1,Backpack,Accessories,5,899,480,4495,2400,2095,46.60734149054505
ORD00043,2,Bluetooth Earbuds,Electronics,2,1599,950,3198,1900,1298,40.58786741713571
ORD00043,3,Men's Sneakers,Footwear,4,1299,780,5196,3120,2076,39.95381062355658
ORD00044,1,Men's Shirt,Clothing,3,699,350,2097,1050,1047,49.92846924177397
ORD00045,1,Men's Wallet,Accessories,1,287,120,287,120,167,58.18815331010453
ORD00045,2,Coffee Mug,Home & Kitchen,5,287,110,1435,550,885,61.672473867595826
ORD00046,1,Women's Kurti,Clothing,3,815,430,2445,1290,1155,47.239263803680984
ORD00047,1,Men's T-Shirt,Clothing,5,499,280,2495,1400,1095,43.8877755511022
ORD00047,2,Men's Sneakers,Footwear,1,1299,780,1299,780,519,39.95381062355658
ORD00048,1,Men's Wallet,Accessories,3,305,120,915,360,555,60.65573770491803
ORD00048,2,Sunglasses,Accessories,2,611,260,1222,520,702,57.446808510638306
ORD00048,3,Women's Kurti,Clothing,2,815,430,1630,860,770,47.239263803680984
ORD00049,1,Men's Wallet,Accessories,5,305,120,1525,600,925,60.65573770491803
ORD00050,1,Men's T-Shirt,Clothing,2,499,280,998,560,438,43.8877755511022
ORD00051,1,Water Bottle,Home & Kitchen,3,375,180,1125,540,585,52.0
ORD00052,1,Bluetooth Earbuds,Electronics,4,1631,950,6524,3800,2724,41.75352544451257
ORD00052,2,Men's Wallet,Accessories,2,305,120,610,240,370,60.65573770491803
ORD00052,3,Smartphone,Electronics,2,15299,12500,30598,25000,5598,18.295313419177724
ORD00053,1,Bedsheet,Home & Kitchen,2,999,560,1998,1120,878,43.94394394394394
ORD00053,2,Sunglasses,Accessories,1,599,260,599,260,339,56.594323873121866
ORD00053,3,Men's Jeans,Clothing,1,999,570,999,570,429,42.94294294294294
ORD00054,1,Men's Jeans,Clothing,4,1019,570,4076,2280,1796,44.062806673209025
ORD00054,2,Men's T-Shirt,Clothing,4,509,280,2036,1120,916,44.9901768172888
ORD00055,1,Sunglasses,Accessories,4,599,260,2396,1040,1356,56.594323873121866
ORD00056,1,Men's Watch,Accessories,5,1409,850,7045,4250,2795,39.6735273243435
ORD00056,2,Sunglasses,Accessories,4,563,260,2252,1040,1212,53.818827708703374
ORD00057,1,Men's Watch,Accessories,5,1529,850,7645,4250,3395,44.408109875735775
ORD00057,2,Bedsheet,Home & Kitchen,1,1019,560,1019,560,459,45.0441609421001
ORD00057,3,Men's Wallet,Accessories,2,305,120,610,240,370,60.65573770491803
ORD00058,1,Sunglasses,Accessories,2,611,260,1222,520,702,57.446808510638306
ORD00058,2,Men's Shirt,Clothing,3,713,350,2139,1050,1089,50.911640953716685
ORD00059,1,Water Bottle,Home & Kitchen,1,407,180,407,180,227,55.77395577395578
ORD00060,1,Bluetooth Earbuds,Electronics,4,1631,950,6524,3800,2724,41.75352544451257
ORD00061,1,Men's Shirt,Clothing,5,657,350,3285,1750,1535,46.727549467275495
ORD00062,1,Bluetooth Earbuds,Electronics,4,1631,950,6524,3800,2724,41.75352544451257
ORD00063,1,Coffee Mug,Home & Kitchen,5,299,110,1495,550,945,63.21070234113713
ORD00063,2,Men's T-Shirt,Clothing,3,499,280,1497,840,657,43.8877755511022
ORD00063,3,Women's Kurti,Clothing,3,799,430,2397,1290,1107,46.18272841051314
ORD00064,1,Men's Jeans,Clothing,2,959,570,1918,1140,778,40.56308654848801
ORD00064,2,Women's Sandals,Footwear,4,863,500,3452,2000,1452,42.06257242178447
ORD00064,3,Backpack,Accessories,1,863,480,863,480,383,44.3800695249131
ORD00065,1,Bluetooth Earbuds,Electronics,5,1631,950,8155,4750,3405,41.75352544451257
ORD00066,1,Women's Kurti,Clothing,5,799,430,3995,2150,1845,46.18272841051314
ORD00067,1,Backpack,Accessories,3,899,480,2697,1440,1257,46.60734149054505
ORD00068,1,Backpack,Accessories,4,845,480,3380,1920,1460,43.19526627218935
ORD00068,2,Men's Sneakers,Footwear,5,1221,780,6105,3900,2205,36.11793611793612
ORD00069,1,Men's T-Shirt,Clothing,4,499,280,1996,1120,876,43.8877755511022
ORD00070,1,Smartphone,Electronics,5,14999,12500,74995,62500,12495,16.661110740716047
ORD00071,1,Men's Jeans,Clothing,2,939,570,1878,1140,738,39.29712460063898
ORD00072,1,Coffee Mug,Home & Kitchen,2,305,110,610,220,390,63.934426229508205
ORD00072,2,Bedsheet,Home & Kitchen,3,1019,560,3057,1680,1377,45.0441609421001
ORD00072,3,Smartphone,Electronics,5,15299,12500,76495,62500,13995,18.295313419177724
ORD00073,1,Backpack,Accessories,1,899,480,899,480,419,46.60734149054505
ORD00074,1,Men's Watch,Accessories,4,1409,850,5636,3400,2236,39.6735273243435
ORD00074,2,Men's Wallet,Accessories,5,281,120,1405,600,805,57.29537366548043
ORD00074,3,Men's Shirt,Clothing,5,657,350,3285,1750,1535,46.727549467275495
ORD00075,1,Power Bank,Electronics,3,1019,580,3057,1740,1317,43.08145240431796
ORD00076,1,Bluetooth Earbuds,Electronics,4,1599,950,6396,3800,2596,40.58786741713571
ORD00076,2,Coffee Mug,Home & Kitchen,2,299,110,598,220,378,63.21070234113713
ORD00077,1,Men's Wallet,Accessories,1,299,120,299,120,179,59.86622073578596
ORD00077,2,Backpack,Accessories,4,899,480,3596,1920,1676,46.60734149054505
ORD00078,1,Women's Sandals,Footwear,2,899,500,1798,1000,798,44.38264738598443
ORD00079,1,Men's Sneakers,Footwear,4,1325,780,5300,3120,2180,41.132075471698116
ORD00080,1,Women's Kurti,Clothing,1,767,430,767,430,337,43.9374185136897
ORD00081,1,Men's Sneakers,Footwear,3,1247,780,3741,2340,1401,37.44987971130714
ORD00082,1,Men's Watch,Accessories,3,1499,850,4497,2550,1947,43.29553035356904
ORD00083,1,Bedsheet,Home & Kitchen,2,999,560,1998,1120,878,43.94394394394394
ORD00084,1,Women's Kurti,Clothing,2,799,430,1598,860,738,46.18272841051314
ORD00085,1,Bluetooth Earbuds,Electronics,5,1503,950,7515,4750,2765,36.793080505655354
ORD00085,2,Water Bottle,Home & Kitchen,2,375,180,750,360,390,52.0
ORD00085,3,Men's Shirt,Clothing,5,657,350,3285,1750,1535,46.727549467275495
ORD00086,1,Women's Kurti,Clothing,3,815,430,2445,1290,1155,47.239263803680984
ORD00087,1,Sunglasses,Accessories,3,563,260,1689,780,909,53.818827708703374
ORD00087,2,Men's Wallet,Accessories,1,281,120,281,120,161,57.29537366548043
ORD00088,1,Women's Sandals,Footwear,2,917,500,1834,1000,834,45.47437295528899
ORD00088,2,Backpack,Accessories,5,917,480,4585,2400,2185,47.655398037077425
ORD00088,3,Bedsheet,Home & Kitchen,2,1019,560,2038,1120,918,45.0441609421001
ORD00089,1,Men's T-Shirt,Clothing,5,469,280,2345,1400,945,40.298507462686565
ORD00089,2,Women's Kurti,Clothing,3,751,430,2253,1290,963,42.743009320905465
ORD00090,1,Men's Sneakers,Footwear,1,1325,780,1325,780,545,41.132075471698116
ORD00091,1,Men's Watch,Accessories,1,1499,850,1499,850,649,43.29553035356904
ORD00092,1,Power Bank,Electronics,3,939,580,2817,1740,1077,38.232161874334395
ORD00092,2,Water Bottle,Home & Kitchen,3,375,180,1125,540,585,52.0
ORD00093,1,Men's T-Shirt,Clothing,5,509,280,2545,1400,1145,44.9901768172888
ORD00094,1,Men's Watch,Accessories,3,1409,850,4227,2550,1677,39.6735273243435
ORD00094,2,Men's Sneakers,Footwear,2,1221,780,2442,1560,882,36.11793611793612
ORD00095,1,Men's Jeans,Clothing,1,1019,570,1019,570,449,44.062806673209025
ORD00096,1,Men's Jeans,Clothing,2,959,570,1918,1140,778,40.56308654848801
ORD00097,1,Men's Shirt,Clothing,1,713,350,713,350,363,50.911640953716685
ORD00097,2,Women's Sandals,Footwear,2,917,500,1834,1000,834,45.47437295528899
ORD00097,3,Men's T-Shirt,Clothing,5,509,280,2545,1400,1145,44.9901768172888
ORD00098,1,Backpack,Accessories,3,899,480,2697,1440,1257,46.60734149054505
ORD00099,1,Water Bottle,Home & Kitchen,5,383,180,1915,900,1015,53.00261096605744
ORD00100,1,Bluetooth Earbuds,Electronics,3,1631,950,4893,2850,2043,41.75352544451257
ORD00100,2,Water Bottle,Home & Kitchen,1,407,180,407,180,227,55.77395577395578
ORD00101,1,Men's T-Shirt,Clothing,4,469,280,1876,1120,756,40.298507462686565
ORD00101,2,Smartphone,Electronics,5,14099,12500,70495,62500,7995,11.34122987445918
ORD00102,1,Bluetooth Earbuds,Electronics,4,1599,950,6396,3800,2596,40.58786741713571
ORD00103,1,Women's Sandals,Footwear,3,917,500,2751,1500,1251,45.47437295528899
ORD00103,2,Men's T-Shirt,Clothing,1,509,280,509,280,229,44.9901768172888
ORD00103,3,Men's Watch,Accessories,4,1529,850,6116,3400,2716,44.408109875735775
ORD00104,1,Sunglasses,Accessories,3,599,260,1797,780,1017,56.594323873121866
ORD00104,2,Men's Sneakers,Footwear,2,1299,780,2598,1560,1038,39.95381062355658
ORD00104,3,Men's Wallet,Accessories,4,299,120,1196,480,716,59.86622073578596
ORD00105,1,Backpack,Accessories,3,899,480,2697,1440,1257,46.60734149054505
ORD00105,2,Coffee Mug,Home & Kitchen,1,299,110,299,110,189,63.21070234113713
ORD00106,1,Bedsheet,Home & Kitchen,3,939,560,2817,1680,1137,40.36208732694356
ORD00107,1,Smartphone,Electronics,2,14099,12500,28198,25000,3198,11.34122987445918
ORD00107,2,Men's Wallet,Accessories,2,281,120,562,240,322,57.29537366548043
ORD00107,3,Men's Watch,Accessories,5,1409,850,7045,4250,2795,39.6735273243435
ORD00108,1,Coffee Mug,Home & Kitchen,3,281,110,843,330,513,60.854092526690394
ORD00109,1,Women's Kurti,Clothing,2,799,430,1598,860,738,46.18272841051314
ORD00109,2,Men's Sneakers,Footwear,4,1299,780,5196,3120,2076,39.95381062355658
ORD00109,3,Men's Wallet,Accessories,3,299,120,897,360,537,59.86622073578596
ORD00110,1,Men's Shirt,Clothing,1,713,350,713,350,363,50.911640953716685
ORD00110,2,Women's Sandals,Footwear,4,917,500,3668,2000,1668,45.47437295528899
ORD00111,1,Smartphone,Electronics,1,15299,12500,15299,12500,2799,18.295313419177724
ORD00112,1,Coffee Mug,Home & Kitchen,4,287,110,1148,440,708,61.672473867595826
ORD00113,1,Men's Sneakers,Footwear,2,1325,780,2650,1560,1090,41.132075471698116
ORD00114,1,Bedsheet,Home & Kitchen,3,959,560,2877,1680,1197,41.605839416058394
ORD00115,1,Men's Sneakers,Footwear,4,1247,780,4988,3120,1868,37.44987971130714
ORD00115,2,Power Bank,Electronics,1,959,580,959,580,379,39.520333680917624
ORD00116,1,Bluetooth Earbuds,Electronics,3,1599,950,4797,2850,1947,40.58786741713571
ORD00117,1,Men's Watch,Accessories,5,1439,850,7195,4250,2945,40.931202223766505
ORD00117,2,Women's Sandals,Footwear,5,863,500,4315,2500,1815,42.06257242178447
ORD00117,3,Backpack,Accessories,2,863,480,1726,960,766,44.3800695249131
ORD00118,1,Bluetooth Earbuds,Electronics,5,1599,950,7995,4750,3245,40.58786741713571
ORD00119,1,Smartphone,Electronics,1,14399,12500,14399,12500,1899,13.188415862212654
ORD00119,2,Men's Sneakers,Footwear,4,1247,780,4988,3120,1868,37.44987971130714
ORD00119,3,Water Bottle,Home & Kitchen,5,383,180,1915,900,1015,53.00261096605744
ORD00120,1,Power Bank,Electronics,4,999,580,3996,2320,1676,41.94194194194194
ORD00120,2,Men's Wallet,Accessories,4,299,120,1196,480,716,59.86622073578596
ORD00121,1,Sunglasses,Accessories,2,611,260,1222,520,702,57.446808510638306
ORD00122,1,Men's Sneakers,Footwear,1,1325,780,1325,780,545,41.132075471698116
ORD00122,2,Water Bottle,Home & Kitchen,2,407,180,814,360,454,55.77395577395578
ORD00123,1,Water Bottle,Home & Kitchen,2,375,180,750,360,390,52.0
ORD00124,1,Men's Wallet,Accessories,3,305,120,915,360,555,60.65573770491803
ORD00125,1,Men's Wallet,Accessories,3,305,120,915,360,555,60.65573770491803
ORD00126,1,Bedsheet,Home & Kitchen,4,959,560,3836,2240,1596,41.605839416058394
ORD00126,2,Men's Shirt,Clothing,2,671,350,1342,700,642,47.83904619970194
ORD00126,3,Backpack,Accessories,2,863,480,1726,960,766,44.3800695249131
ORD00127,1,Men's Shirt,Clothing,4,657,350,2628,1400,1228,46.727549467275495
ORD00128,1,Backpack,Accessories,2,899,480,1798,960,838,46.60734149054505
ORD00128,2,Women's Kurti,Clothing,4,799,430,3196,1720,1476,46.18272841051314
ORD00129,1,Men's Shirt,Clothing,4,671,350,2684,1400,1284,47.83904619970194
ORD00129,2,Men's Watch,Accessories,1,1439,850,1439,850,589,40.931202223766505
ORD00129,3,Men's T-Shirt,Clothing,5,479,280,2395,1400,995,41.544885177453025
ORD00130,1,Women's Kurti,Clothing,1,799,430,799,430,369,46.18272841051314
ORD00131,1,Bluetooth Earbuds,Electronics,5,1599,950,7995,4750,3245,40.58786741713571
ORD00131,2,Water Bottle,Home & Kitchen,5,399,180,1995,900,1095,54.88721804511278
ORD00132,1,Smartphone,Electronics,3,15299,12500,45897,37500,8397,18.295313419177724
ORD00132,2,Bluetooth Earbuds,Electronics,2,1631,950,3262,1900,1362,41.75352544451257
ORD00133,1,Men's Jeans,Clothing,2,959,570,1918,1140,778,40.56308654848801
ORD00133,2,Men's Sneakers,Footwear,1,1247,780,1247,780,467,37.44987971130714
ORD00133,3,Men's Shirt,Clothing,3,671,350,2013,1050,963,47.83904619970194
ORD00134,1,Bluetooth Earbuds,Electronics,4,1599,950,6396,3800,2596,40.58786741713571
ORD00134,2,Men's T-Shirt,Clothing,5,499,280,2495,1400,1095,43.8877755511022
ORD00134,3,Men's Shirt,Clothing,2,699,350,1398,700,698,49.92846924177397
ORD00135,1,Water Bottle,Home & Kitchen,3,383,180,1149,540,609,53.00261096605744
ORD00136,1,Men's Wallet,Accessories,3,305,120,915,360,555,60.65573770491803
ORD00137,1,Backpack,Accessories,3,845,480,2535,1440,1095,43.19526627218935
ORD00138,1,Women's Kurti,Clothing,4,799,430,3196,1720,1476,46.18272841051314
ORD00139,1,Women's Sandals,Footwear,1,917,500,917,500,417,45.47437295528899
ORD00139,2,Men's Shirt,Clothing,1,713,350,713,350,363,50.911640953716685
ORD00140,1,Bedsheet,Home & Kitchen,3,999,560,2997,1680,1317,43.94394394394394
ORD00140,2,Power Bank,Electronics,5,999,580,4995,2900,2095,41.94194194194194
ORD00140,3,Men's Jeans,Clothing,2,999,570,1998,1140,858,42.94294294294294
ORD00141,1,Men's Jeans,Clothing,4,959,570,3836,2280,1556,40.56308654848801
ORD00141,2,Sunglasses,Accessories,5,575,260,2875,1300,1575,54.78260869565217
ORD00141,3,Men's Wallet,Accessories,2,287,120,574,240,334,58.18815331010453
ORD00142,1,Water Bottle,Home & Kitchen,4,399,180,1596,720,876,54.88721804511278
ORD00142,2,Women's Sandals,Footwear,3,899,500,2697,1500,1197,44.38264738598443
ORD00143,1,Men's Watch,Accessories,4,1499,850,5996,3400,2596,43.29553035356904
ORD00144,1,Water Bottle,Home & Kitchen,2,375,180,750,360,390,52.0
ORD00145,1,Backpack,Accessories,1,917,480,917,480,437,47.655398037077425
ORD00146,1,Women's Sandals,Footwear,3,845,500,2535,1500,1035,40.828402366863905
ORD00146,2,Bedsheet,Home & Kitchen,5,939,560,4695,2800,1895,40.36208732694356
ORD00146,3,Men's T-Shirt,Clothing,4,469,280,1876,1120,756,40.298507462686565
ORD00147,1,Men's Shirt,Clothing,5,713,350,3565,1750,1815,50.911640953716685
ORD00147,2,Water Bottle,Home & Kitchen,3,407,180,1221,540,681,55.77395577395578
ORD00147,3,Men's Watch,Accessories,1,1529,850,1529,850,679,44.408109875735775
ORD00148,1,Men's Sneakers,Footwear,4,1299,780,5196,3120,2076,39.95381062355658
ORD00149,1,Men's Shirt,Clothing,3,713,350,2139,1050,1089,50.911640953716685
ORD00150,1,Women's Sandals,Footwear,1,917,500,917,500,417,45.47437295528899
ORD00150,2,Men's Jeans,Clothing,3,1019,570,3057,1710,1347,44.062806673209025
ORD00150,3,Men's Sneakers,Footwear,2,1325,780,2650,1560,1090,41.132075471698116
ORD00151,1,Smartphone,Electronics,5,14999,12500,74995,62500,12495,16.661110740716047
ORD00152,1,Men's T-Shirt,Clothing,1,509,280,509,280,229,44.9901768172888
ORD00153,1,Water Bottle,Home & Kitchen,5,407,180,2035,900,1135,55.77395577395578
ORD00154,1,Bedsheet,Home & Kitchen,3,999,560,2997,1680,1317,43.94394394394394
ORD00155,1,Bedsheet,Home & Kitchen,1,1019,560,1019,560,459,45.0441609421001
ORD00156,1,Women's Sandals,Footwear,3,917,500,2751,1500,1251,45.47437295528899
ORD00156,2,Coffee Mug,Home & Kitchen,3,305,110,915,330,585,63.934426229508205
ORD00157,1,Smartphone,Electronics,3,14999,12500,44997,37500,7497,16.661110740716047
ORD00158,1,Women's Kurti,Clothing,5,815,430,4075,2150,1925,47.239263803680984
ORD00159,1,Bluetooth Earbuds,Electronics,3,1599,950,4797,2850,1947,40.58786741713571
ORD00159,2,Women's Sandals,Footwear,3,899,500,2697,1500,1197,44.38264738598443
ORD00160,1,Women's Sandals,Footwear,3,863,500,2589,1500,1089,42.06257242178447
ORD00160,2,Smartphone,Electronics,5,14399,12500,71995,62500,9495,13.188415862212654
ORD00160,3,Bluetooth Earbuds,Electronics,3,1535,950,4605,2850,1755,38.11074918566775
ORD00161,1,Women's Sandals,Footwear,2,845,500,1690,1000,690,40.828402366863905
ORD00161,2,Bedsheet,Home & Kitchen,1,939,560,939,560,379,40.36208732694356
ORD00162,1,Bedsheet,Home & Kitchen,5,1019,560,5095,2800,2295,45.0441609421001
ORD00162,2,Bluetooth Earbuds,Electronics,2,1631,950,3262,1900,1362,41.75352544451257
ORD00163,1,Backpack,Accessories,5,845,480,4225,2400,1825,43.19526627218935
ORD00164,1,Coffee Mug,Home & Kitchen,5,299,110,1495,550,945,63.21070234113713
ORD00164,2,Men's T-Shirt,Clothing,5,499,280,2495,1400,1095,43.8877755511022
ORD00165,1,Men's T-Shirt,Clothing,5,499,280,2495,1400,1095,43.8877755511022
ORD00165,2,Sunglasses,Accessories,3,599,260,1797,780,1017,56.594323873121866
ORD00165,3,Bedsheet,Home & Kitchen,1,999,560,999,560,439,43.94394394394394
ORD00166,1,Men's Watch,Accessories,2,1409,850,2818,1700,1118,39.6735273243435
ORD00167,1,Coffee Mug,Home & Kitchen,5,305,110,1525,550,975,63.934426229508205
ORD00167,2,Women's Sandals,Footwear,5,917,500,4585,2500,2085,45.47437295528899
ORD00168,1,Men's Jeans,Clothing,1,1019,570,1019,570,449,44.062806673209025
ORD00168,2,Men's Wallet,Accessories,3,305,120,915,360,555,60.65573770491803
ORD00169,1,Water Bottle,Home & Kitchen,3,383,180,1149,540,609,53.00261096605744
ORD00169,2,Smartphone,Electronics,5,14399,12500,71995,62500,9495,13.188415862212654
ORD00169,3,Power Bank,Electronics,5,959,580,4795,2900,1895,39.520333680917624
ORD00170,1,Bedsheet,Home & Kitchen,3,1019,560,3057,1680,1377,45.0441609421001
ORD00170,2,Men's Watch,Accessories,4,1529,850,6116,3400,2716,44.408109875735775
ORD00171,1,Men's Shirt,Clothing,5,699,350,3495,1750,1745,49.92846924177397
ORD00171,2,Men's Wallet,Accessories,4,299,120,1196,480,716,59.86622073578596
ORD00171,3,Women's Sandals,Footwear,2,899,500,1798,1000,798,44.38264738598443
ORD00172,1,Men's Shirt,Clothing,5,713,350,3565,1750,1815,50.911640953716685
ORD00172,2,Water Bottle,Home & Kitchen,3,407,180,1221,540,681,55.77395577395578
ORD00173,1,Bluetooth Earbuds,Electronics,4,1503,950,6012,3800,2212,36.793080505655354
ORD00174,1,Sunglasses,Accessories,3,599,260,1797,780,1017,56.594323873121866
ORD00175,1,Sunglasses,Accessories,1,611,260,611,260,351,57.446808510638306
ORD00176,1,Women's Kurti,Clothing,2,815,430,1630,860,770,47.239263803680984
ORD00176,2,Coffee Mug,Home & Kitchen,5,305,110,1525,550,975,63.934426229508205
ORD00177,1,Sunglasses,Accessories,5,611,260,3055,1300,1755,57.446808510638306
ORD00177,2,Bedsheet,Home & Kitchen,4,1019,560,4076,2240,1836,45.0441609421001
ORD00178,1,Women's Kurti,Clothing,3,799,430,2397,1290,1107,46.18272841051314
ORD00179,1,Women's Kurti,Clothing,4,767,430,3068,1720,1348,43.9374185136897
ORD00180,1,Men's Sneakers,Footwear,5,1247,780,6235,3900,2335,37.44987971130714
ORD00181,1,Men's T-Shirt,Clothing,5,509,280,2545,1400,1145,44.9901768172888
ORD00182,1,Smartphone,Electronics,3,14999,12500,44997,37500,7497,16.661110740716047
ORD00182,2,Power Bank,Electronics,5,999,580,4995,2900,2095,41.94194194194194
ORD00182,3,Backpack,Accessories,1,899,480,899,480,419,46.60734149054505
ORD00183,1,Backpack,Accessories,2,917,480,1834,960,874,47.655398037077425
ORD00184,1,Bluetooth Earbuds,Electronics,5,1631,950,8155,4750,3405,41.75352544451257
ORD00184,2,Men's Shirt,Clothing,4,713,350,2852,1400,1452,50.911640953716685
ORD00184,3,Backpack,Accessories,5,917,480,4585,2400,2185,47.655398037077425
ORD00185,1,Backpack,Accessories,3,917,480,2751,1440,1311,47.655398037077425
ORD00185,2,Men's Sneakers,Footwear,5,1325,780,6625,3900,2725,41.132075471698116
ORD00186,1,Bedsheet,Home & Kitchen,5,939,560,4695,2800,1895,40.36208732694356
ORD00186,2,Men's Watch,Accessories,2,1409,850,2818,1700,1118,39.6735273243435
ORD00187,1,Power Bank,Electronics,1,999,580,999,580,419,41.94194194194194
ORD00188,1,Sunglasses,Accessories,1,599,260,599,260,339,56.594323873121866
ORD00188,2,Men's Shirt,Clothing,5,699,350,3495,1750,1745,49.92846924177397
ORD00188,3,Power Bank,Electronics,2,999,580,1998,1160,838,41.94194194194194
ORD00189,1,Sunglasses,Accessories,5,611,260,3055,1300,1755,57.446808510638306
ORD00189,2,Coffee Mug,Home & Kitchen,1,305,110,305,110,195,63.934426229508205
ORD00190,1,Women's Kurti,Clothing,2,815,430,1630,860,770,47.239263803680984
ORD00190,2,Men's Jeans,Clothing,5,1019,570,5095,2850,2245,44.062806673209025
ORD00190,3,Men's T-Shirt,Clothing,2,509,280,1018,560,458,44.9901768172888
ORD00191,1,Smartphone,Electronics,4,15299,12500,61196,50000,11196,18.295313419177724
ORD00191,2,Water Bottle,Home & Kitchen,5,407,180,2035,900,1135,55.77395577395578
ORD00192,1,Men's Shirt,Clothing,3,699,350,2097,1050,1047,49.92846924177397
ORD00193,1,Smartphone,Electronics,3,14399,12500,43197,37500,5697,13.188415862212654
ORD00193,2,Men's Sneakers,Footwear,1,1247,780,1247,780,467,37.44987971130714
ORD00193,3,Women's Sandals,Footwear,4,863,500,3452,2000,1452,42.06257242178447
ORD00194,1,Men's Wallet,Accessories,5,281,120,1405,600,805,57.29537366548043
ORD00195,1,Smartphone,Electronics,5,15299,12500,76495,62500,13995,18.295313419177724
ORD00195,2,Coffee Mug,Home & Kitchen,1,305,110,305,110,195,63.934426229508205
ORD00196,1,Men's Wallet,Accessories,5,299,120,1495,600,895,59.86622073578596
ORD00196,2,Coffee Mug,Home & Kitchen,1,299,110,299,110,189,63.21070234113713
ORD00197,1,Bedsheet,Home & Kitchen,1,999,560,999,560,439,43.94394394394394
ORD00198,1,Sunglasses,Accessories,5,611,260,3055,1300,1755,57.446808510638306
ORD00198,2,Men's T-Shirt,Clothing,1,509,280,509,280,229,44.9901768172888
ORD00199,1,Power Bank,Electronics,1,959,580,959,580,379,39.520333680917624
ORD00200,1,Men's Wallet,Accessories,4,281,120,1124,480,644,57.29537366548043
ORD00200,2,Water Bottle,Home & Kitchen,1,375,180,375,180,195,52.0
ORD00201,1,Bluetooth Earbuds,Electronics,4,1599,950,6396,3800,2596,40.58786741713571
ORD00202,1,Sunglasses,Accessories,3,575,260,1725,780,945,54.78260869565217
ORD00203,1,Power Bank,Electronics,3,999,580,2997,1740,1257,41.94194194194194
ORD00204,1,Men's Jeans,Clothing,1,1019,570,1019,570,449,44.062806673209025
ORD00204,2,Women's Sandals,Footwear,2,917,500,1834,1000,834,45.47437295528899
ORD00205,1,Men's Sneakers,Footwear,5,1221,780,6105,3900,2205,36.11793611793612
ORD00205,2,Sunglasses,Accessories,5,563,260,2815,1300,1515,53.818827708703374
ORD00205,3,Bluetooth Earbuds,Electronics,1,1503,950,1503,950,553,36.793080505655354
ORD00206,1,Men's Jeans,Clothing,4,1019,570,4076,2280,1796,44.062806673209025
ORD00206,2,Coffee Mug,Home & Kitchen,1,305,110,305,110,195,63.934426229508205
ORD00207,1,Smartphone,Electronics,2,14999,12500,29998,25000,4998,16.661110740716047
ORD00207,2,Men's Watch,Accessories,2,1499,850,2998,1700,1298,43.29553035356904
ORD00208,1,Power Bank,Electronics,1,1019,580,1019,580,439,43.08145240431796
ORD00208,2,Smartphone,Electronics,3,15299,12500,45897,37500,8397,18.295313419177724
ORD00209,1,Water Bottle,Home & Kitchen,3,375,180,1125,540,585,52.0
ORD00209,2,Men's Shirt,Clothing,3,657,350,1971,1050,921,46.727549467275495
ORD00210,1,Men's Jeans,Clothing,2,999,570,1998,1140,858,42.94294294294294
ORD00211,1,Coffee Mug,Home & Kitchen,4,299,110,1196,440,756,63.21070234113713
ORD00212,1,Men's T-Shirt,Clothing,3,509,280,1527,840,687,44.9901768172888
ORD00213,1,Backpack,Accessories,4,899,480,3596,1920,1676,46.60734149054505
ORD00214,1,Men's T-Shirt,Clothing,5,499,280,2495,1400,1095,43.8877755511022
ORD00214,2,Water Bottle,Home & Kitchen,3,399,180,1197,540,657,54.88721804511278
ORD00215,1,Men's Watch,Accessories,1,1439,850,1439,850,589,40.931202223766505
ORD00215,2,Women's Sandals,Footwear,4,863,500,3452,2000,1452,42.06257242178447
ORD00215,3,Power Bank,Electronics,1,959,580,959,580,379,39.520333680917624
ORD00216,1,Men's Watch,Accessories,3,1499,850,4497,2550,1947,43.29553035356904
ORD00217,1,Power Bank,Electronics,2,939,580,1878,1160,718,38.232161874334395
ORD00218,1,Water Bottle,Home & Kitchen,2,375,180,750,360,390,52.0
ORD00218,2,Sunglasses,Accessories,1,563,260,563,260,303,53.818827708703374
ORD00218,3,Men's Shirt,Clothing,3,657,350,1971,1050,921,46.727549467275495
ORD00219,1,Men's Wallet,Accessories,2,299,120,598,240,358,59.86622073578596
ORD00219,2,Bedsheet,Home & Kitchen,2,999,560,1998,1120,878,43.94394394394394
ORD00219,3,Women's Sandals,Footwear,1,899,500,899,500,399,44.38264738598443
ORD00220,1,Men's Wallet,Accessories,4,305,120,1220,480,740,60.65573770491803
ORD00220,2,Bluetooth Earbuds,Electronics,4,1631,950,6524,3800,2724,41.75352544451257
ORD00220,3,Men's T-Shirt,Clothing,1,509,280,509,280,229,44.9901768172888
ORD00221,1,Coffee Mug,Home & Kitchen,5,281,110,1405,550,855,60.854092526690394
ORD00222,1,Men's Wallet,Accessories,2,281,120,562,240,322,57.29537366548043
ORD00222,2,Women's Kurti,Clothing,2,751,430,1502,860,642,42.743009320905465
ORD00223,1,Men's Wallet,Accessories,4,299,120,1196,480,716,59.86622073578596
ORD00223,2,Bluetooth Earbuds,Electronics,4,1599,950,6396,3800,2596,40.58786741713571
ORD00223,3,Men's Sneakers,Footwear,3,1299,780,3897,2340,1557,39.95381062355658
ORD00224,1,Men's T-Shirt,Clothing,2,509,280,1018,560,458,44.9901768172888
ORD00224,2,Sunglasses,Accessories,5,611,260,3055,1300,1755,57.446808510638306
ORD00225,1,Bluetooth Earbuds,Electronics,1,1631,950,1631,950,681,41.75352544451257
ORD00225,2,Smartphone,Electronics,1,15299,12500,15299,12500,2799,18.295313419177724
ORD00226,1,Women's Kurti,Clothing,1,799,430,799,430,369,46.18272841051314
ORD00227,1,Smartphone,Electronics,4,14999,12500,59996,50000,9996,16.661110740716047
ORD00227,2,Backpack,Accessories,4,899,480,3596,1920,1676,46.60734149054505
ORD00228,1,Women's Kurti,Clothing,5,799,430,3995,2150,1845,46.18272841051314
ORD00229,1,Men's Shirt,Clothing,3,657,350,1971,1050,921,46.727549467275495
ORD00229,2,Coffee Mug,Home & Kitchen,1,281,110,281,110,171,60.854092526690394
ORD00230,1,Men's Sneakers,Footwear,1,1299,780,1299,780,519,39.95381062355658
ORD00231,1,Sunglasses,Accessories,1,563,260,563,260,303,53.818827708703374
ORD00231,2,Women's Kurti,Clothing,2,751,430,1502,860,642,42.743009320905465
ORD00232,1,Coffee Mug,Home & Kitchen,2,287,110,574,220,354,61.672473867595826
ORD00233,1,Men's T-Shirt,Clothing,1,499,280,499,280,219,43.8877755511022
ORD00234,1,Women's Kurti,Clothing,2,751,430,1502,860,642,42.743009320905465
ORD00235,1,Women's Kurti,Clothing,3,751,430,2253,1290,963,42.743009320905465
ORD00236,1,Sunglasses,Accessories,3,611,260,1833,780,1053,57.446808510638306
ORD00237,1,Bedsheet,Home & Kitchen,1,939,560,939,560,379,40.36208732694356
ORD00238,1,Backpack,Accessories,5,863,480,4315,2400,1915,44.3800695249131
ORD00239,1,Men's Wallet,Accessories,5,281,120,1405,600,805,57.29537366548043
ORD00239,2,Men's Sneakers,Footwear,2,1221,780,2442,1560,882,36.11793611793612
ORD00240,1,Smartphone,Electronics,4,14999,12500,59996,50000,9996,16.661110740716047
ORD00240,2,Men's Wallet,Accessories,5,299,120,1495,600,895,59.86622073578596
ORD00241,1,Bluetooth Earbuds,Electronics,2,1503,950,3006,1900,1106,36.793080505655354
ORD00242,1,Bedsheet,Home & Kitchen,1,939,560,939,560,379,40.36208732694356
ORD00243,1,Women's Sandals,Footwear,2,863,500,1726,1000,726,42.06257242178447
ORD00244,1,Women's Kurti,Clothing,5,799,430,3995,2150,1845,46.18272841051314
ORD00244,2,Sunglasses,Accessories,1,599,260,599,260,339,56.594323873121866
ORD00244,3,Men's Shirt,Clothing,2,699,350,1398,700,698,49.92846924177397
ORD00245,1,Water Bottle,Home & Kitchen,4,399,180,1596,720,876,54.88721804511278
ORD00245,2,Smartphone,Electronics,2,14999,12500,29998,25000,4998,16.661110740716047
ORD00245,3,Men's Wallet,Accessories,2,299,120,598,240,358,59.86622073578596
ORD00246,1,Men's T-Shirt,Clothing,2,469,280,938,560,378,40.298507462686565
ORD00246,2,Coffee Mug,Home & Kitchen,5,281,110,1405,550,855,60.854092526690394
ORD00247,1,Men's T-Shirt,Clothing,3,499,280,1497,840,657,43.8877755511022
ORD00248,1,Men's Wallet,Accessories,2,305,120,610,240,370,60.65573770491803
ORD00248,2,Women's Sandals,Footwear,4,917,500,3668,2000,1668,45.47437295528899
ORD00248,3,Bedsheet,Home & Kitchen,3,1019,560,3057,1680,1377,45.0441609421001
ORD00249,1,Men's Sneakers,Footwear,3,1221,780,3663,2340,1323,36.11793611793612
ORD00249,2,Water Bottle,Home & Kitchen,3,375,180,1125,540,585,52.0
ORD00250,1,Men's Wallet,Accessories,2,305,120,610,240,370,60.65573770491803
ORD00250,2,Women's Kurti,Clothing,5,815,430,4075,2150,1925,47.239263803680984
ORD00251,1,Power Bank,Electronics,5,999,580,4995,2900,2095,41.94194194194194
ORD00252,1,Bluetooth Earbuds,Electronics,2,1599,950,3198,1900,1298,40.58786741713571
ORD00253,1,Women's Sandals,Footwear,5,845,500,4225,2500,1725,40.828402366863905
ORD00254,1,Coffee Mug,Home & Kitchen,4,287,110,1148,440,708,61.672473867595826
ORD00255,1,Women's Kurti,Clothing,1,815,430,815,430,385,47.239263803680984
ORD00256,1,Bedsheet,Home & Kitchen,1,1019,560,1019,560,459,45.0441609421001
ORD00257,1,Backpack,Accessories,1,845,480,845,480,365,43.19526627218935
ORD00257,2,Men's Shirt,Clothing,4,657,350,2628,1400,1228,46.727549467275495
ORD00258,1,Backpack,Accessories,5,899,480,4495,2400,2095,46.60734149054505
ORD00259,1,Men's Watch,Accessories,1,1499,850,1499,850,649,43.29553035356904
ORD00260,1,Men's Jeans,Clothing,4,1019,570,4076,2280,1796,44.062806673209025
ORD00261,1,Coffee Mug,Home & Kitchen,5,305,110,1525,550,975,63.934426229508205
ORD00261,2,Sunglasses,Accessories,4,611,260,2444,1040,1404,57.446808510638306
ORD00261,3,Water Bottle,Home & Kitchen,2,407,180,814,360,454,55.77395577395578
ORD00262,1,Men's Shirt,Clothing,5,657,350,3285,1750,1535,46.727549467275495
ORD00262,2,Water Bottle,Home & Kitchen,3,375,180,1125,540,585,52.0
ORD00263,1,Sunglasses,Accessories,4,599,260,2396,1040,1356,56.594323873121866
ORD00263,2,Men's Wallet,Accessories,5,299,120,1495,600,895,59.86622073578596
ORD00264,1,Sunglasses,Accessories,4,563,260,2252,1040,1212,53.818827708703374
ORD00264,2,Bluetooth Earbuds,Electronics,3,1503,950,4509,2850,1659,36.793080505655354
ORD00265,1,Women's Sandals,Footwear,3,917,500,2751,1500,1251,45.47437295528899
ORD00266,1,Backpack,Accessories,4,917,480,3668,1920,1748,47.655398037077425
ORD00266,2,Men's Wallet,Accessories,5,305,120,1525,600,925,60.65573770491803
ORD00267,1,Bluetooth Earbuds,Electronics,3,1599,950,4797,2850,1947,40.58786741713571
ORD00267,2,Coffee Mug,Home & Kitchen,5,299,110,1495,550,945,63.21070234113713
ORD00268,1,Men's Shirt,Clothing,3,657,350,1971,1050,921,46.727549467275495
ORD00269,1,Men's Watch,Accessories,3,1439,850,4317,2550,1767,40.931202223766505
ORD00270,1,Sunglasses,Accessories,1,575,260,575,260,315,54.78260869565217
ORD00271,1,Bluetooth Earbuds,Electronics,2,1631,950,3262,1900,1362,41.75352544451257
ORD00271,2,Men's T-Shirt,Clothing,4,509,280,2036,1120,916,44.9901768172888
ORD00272,1,Men's Jeans,Clothing,5,1019,570,5095,2850,2245,44.062806673209025
ORD00272,2,Coffee Mug,Home & Kitchen,5,305,110,1525,550,975,63.934426229508205
ORD00273,1,Bluetooth Earbuds,Electronics,2,1631,950,3262,1900,1362,41.75352544451257
ORD00274,1,Women's Kurti,Clothing,5,751,430,3755,2150,1605,42.743009320905465
ORD00275,1,Smartphone,Electronics,2,14099,12500,28198,25000,3198,11.34122987445918
ORD00275,2,Coffee Mug,Home & Kitchen,2,281,110,562,220,342,60.854092526690394
ORD00275,3,Women's Sandals,Footwear,2,845,500,1690,1000,690,40.828402366863905
ORD00276,1,Coffee Mug,Home & Kitchen,1,299,110,299,110,189,63.21070234113713
ORD00276,2,Men's T-Shirt,Clothing,3,499,280,1497,840,657,43.8877755511022
ORD00277,1,Men's Sneakers,Footwear,5,1221,780,6105,3900,2205,36.11793611793612
ORD00277,2,Men's Wallet,Accessories,2,281,120,562,240,322,57.29537366548043
ORD00277,3,Women's Kurti,Clothing,2,751,430,1502,860,642,42.743009320905465
ORD00278,1,Smartphone,Electronics,2,14399,12500,28798,25000,3798,13.188415862212654
ORD00278,2,Water Bottle,Home & Kitchen,1,383,180,383,180,203,53.00261096605744
ORD00278,3,Sunglasses,Accessories,2,575,260,1150,520,630,54.78260869565217
ORD00279,1,Backpack,Accessories,3,899,480,2697,1440,1257,46.60734149054505
ORD00280,1,Women's Sandals,Footwear,2,899,500,1798,1000,798,44.38264738598443
ORD00280,2,Smartphone,Electronics,3,14999,12500,44997,37500,7497,16.661110740716047
ORD00281,1,Women's Kurti,Clothing,5,751,430,3755,2150,1605,42.743009320905465
ORD00281,2,Men's T-Shirt,Clothing,3,469,280,1407,840,567,40.298507462686565
ORD00281,3,Men's Wallet,Accessories,1,281,120,281,120,161,57.29537366548043
ORD00282,1,Bluetooth Earbuds,Electronics,5,1631,950,8155,4750,3405,41.75352544451257
ORD00283,1,Men's T-Shirt,Clothing,1,509,280,509,280,229,44.9901768172888
ORD00283,2,Smartphone,Electronics,1,15299,12500,15299,12500,2799,18.295313419177724
ORD00283,3,Backpack,Accessories,3,917,480,2751,1440,1311,47.655398037077425
ORD00284,1,Men's Wallet,Accessories,1,299,120,299,120,179,59.86622073578596
ORD00285,1,Men's T-Shirt,Clothing,3,479,280,1437,840,597,41.544885177453025
ORD00286,1,Coffee Mug,Home & Kitchen,5,299,110,1495,550,945,63.21070234113713
ORD00286,2,Men's Jeans,Clothing,4,999,570,3996,2280,1716,42.94294294294294
ORD00287,1,Backpack,Accessories,3,899,480,2697,1440,1257,46.60734149054505
ORD00287,2,Men's Watch,Accessories,4,1499,850,5996,3400,2596,43.29553035356904
ORD00287,3,Smartphone,Electronics,2,14999,12500,29998,25000,4998,16.661110740716047
ORD00288,1,Men's Watch,Accessories,4,1529,850,6116,3400,2716,44.408109875735775
ORD00289,1,Women's Kurti,Clothing,4,799,430,3196,1720,1476,46.18272841051314
ORD00289,2,Sunglasses,Accessories,3,599,260,1797,780,1017,56.594323873121866
ORD00290,1,Sunglasses,Accessories,1,611,260,611,260,351,57.446808510638306
ORD00290,2,Men's Wallet,Accessories,1,305,120,305,120,185,60.65573770491803
ORD00290,3,Bedsheet,Home & Kitchen,5,1019,560,5095,2800,2295,45.0441609421001
ORD00291,1,Men's Jeans,Clothing,1,999,570,999,570,429,42.94294294294294
ORD00292,1,Backpack,Accessories,2,917,480,1834,960,874,47.655398037077425
ORD00292,2,Water Bottle,Home & Kitchen,5,407,180,2035,900,1135,55.77395577395578
ORD00293,1,Bedsheet,Home & Kitchen,5,1019,560,5095,2800,2295,45.0441609421001
ORD00293,2,Bluetooth Earbuds,Electronics,2,1631,950,3262,1900,1362,41.75352544451257
ORD00294,1,Water Bottle,Home & Kitchen,1,407,180,407,180,227,55.77395577395578
ORD00295,1,Bluetooth Earbuds,Electronics,3,1599,950,4797,2850,1947,40.58786741713571
ORD00296,1,Power Bank,Electronics,4,939,580,3756,2320,1436,38.232161874334395
ORD00297,1,Backpack,Accessories,5,899,480,4495,2400,2095,46.60734149054505
ORD00297,2,Men's Sneakers,Footwear,1,1299,780,1299,780,519,39.95381062355658
ORD00298,1,Women's Kurti,Clothing,4,815,430,3260,1720,1540,47.239263803680984
ORD00299,1,Men's Shirt,Clothing,5,671,350,3355,1750,1605,47.83904619970194
ORD00299,2,Women's Kurti,Clothing,4,767,430,3068,1720,1348,43.9374185136897
ORD00300,1,Sunglasses,Accessories,1,611,260,611,260,351,57.446808510638306
ORD00300,2,Men's Watch,Accessories,2,1529,850,3058,1700,1358,44.408109875735775
ORD00301,1,Men's Watch,Accessories,1,1439,850,1439,850,589,40.931202223766505
ORD00302,1,Men's Shirt,Clothing,3,713,350,2139,1050,1089,50.911640953716685
ORD00303,1,Backpack,Accessories,2,845,480,1690,960,730,43.19526627218935
ORD00304,1,Men's Wallet,Accessories,4,299,120,1196,480,716,59.86622073578596
ORD00304,2,Men's T-Shirt,Clothing,1,499,280,499,280,219,43.8877755511022
ORD00304,3,Smartphone,Electronics,1,14999,12500,14999,12500,2499,16.661110740716047
ORD00305,1,Men's Sneakers,Footwear,1,1299,780,1299,780,519,39.95381062355658
ORD00306,1,Men's Watch,Accessories,1,1529,850,1529,850,679,44.408109875735775
ORD00307,1,Bedsheet,Home & Kitchen,1,999,560,999,560,439,43.94394394394394
ORD00307,2,Men's Sneakers,Footwear,4,1299,780,5196,3120,2076,39.95381062355658
ORD00308,1,Men's Shirt,Clothing,1,699,350,699,350,349,49.92846924177397
ORD00308,2,Power Bank,Electronics,3,999,580,2997,1740,1257,41.94194194194194
ORD00309,1,Men's T-Shirt,Clothing,5,499,280,2495,1400,1095,43.8877755511022
ORD00309,2,Smartphone,Electronics,3,14999,12500,44997,37500,7497,16.661110740716047
ORD00310,1,Power Bank,Electronics,3,1019,580,3057,1740,1317,43.08145240431796
ORD00310,2,Women's Sandals,Footwear,4,917,500,3668,2000,1668,45.47437295528899
ORD00311,1,Men's T-Shirt,Clothing,5,479,280,2395,1400,995,41.544885177453025
ORD00312,1,Smartphone,Electronics,4,14099,12500,56396,50000,6396,11.34122987445918
ORD00313,1,Bluetooth Earbuds,Electronics,3,1535,950,4605,2850,1755,38.11074918566775
ORD00313,2,Women's Sandals,Footwear,3,863,500,2589,1500,1089,42.06257242178447
ORD00313,3,Men's T-Shirt,Clothing,1,479,280,479,280,199,41.544885177453025
ORD00314,1,Men's Shirt,Clothing,3,671,350,2013,1050,963,47.83904619970194
ORD00315,1,Men's Jeans,Clothing,5,1019,570,5095,2850,2245,44.062806673209025
ORD00316,1,Power Bank,Electronics,5,1019,580,5095,2900,2195,43.08145240431796
ORD00317,1,Backpack,Accessories,3,899,480,2697,1440,1257,46.60734149054505
ORD00318,1,Water Bottle,Home & Kitchen,5,399,180,1995,900,1095,54.88721804511278
ORD00318,2,Coffee Mug,Home & Kitchen,1,299,110,299,110,189,63.21070234113713
ORD00318,3,Women's Kurti,Clothing,3,799,430,2397,1290,1107,46.18272841051314
ORD00319,1,Women's Sandals,Footwear,3,845,500,2535,1500,1035,40.828402366863905
ORD00320,1,Women's Kurti,Clothing,1,815,430,815,430,385,47.239263803680984
ORD00321,1,Men's Watch,Accessories,3,1529,850,4587,2550,2037,44.408109875735775
ORD00321,2,Bluetooth Earbuds,Electronics,4,1631,950,6524,3800,2724,41.75352544451257
ORD00322,1,Men's Sneakers,Footwear,4,1299,780,5196,3120,2076,39.95381062355658
ORD00323,1,Water Bottle,Home & Kitchen,1,399,180,399,180,219,54.88721804511278
ORD00324,1,Women's Sandals,Footwear,4,863,500,3452,2000,1452,42.06257242178447
ORD00325,1,Power Bank,Electronics,2,1019,580,2038,1160,878,43.08145240431796
ORD00325,2,Women's Kurti,Clothing,5,815,430,4075,2150,1925,47.239263803680984
ORD00325,3,Bluetooth Earbuds,Electronics,5,1631,950,8155,4750,3405,41.75352544451257
ORD00326,1,Power Bank,Electronics,4,939,580,3756,2320,1436,38.232161874334395
ORD00327,1,Backpack,Accessories,5,917,480,4585,2400,2185,47.655398037077425
ORD00328,1,Men's T-Shirt,Clothing,1,499,280,499,280,219,43.8877755511022
ORD00329,1,Women's Kurti,Clothing,5,815,430,4075,2150,1925,47.239263803680984
ORD00329,2,Men's Shirt,Clothing,1,713,350,713,350,363,50.911640953716685
ORD00329,3,Power Bank,Electronics,2,1019,580,2038,1160,878,43.08145240431796
ORD00330,1,Men's Wallet,Accessories,5,299,120,1495,600,895,59.86622073578596
ORD00331,1,Women's Kurti,Clothing,2,815,430,1630,860,770,47.239263803680984
ORD00331,2,Men's T-Shirt,Clothing,4,509,280,2036,1120,916,44.9901768172888
ORD00332,1,Power Bank,Electronics,2,959,580,1918,1160,758,39.520333680917624
ORD00332,2,Backpack,Accessories,1,863,480,863,480,383,44.3800695249131
ORD00333,1,Coffee Mug,Home & Kitchen,1,281,110,281,110,171,60.854092526690394
ORD00334,1,Men's Sneakers,Footwear,5,1221,780,6105,3900,2205,36.11793611793612
ORD00334,2,Power Bank,Electronics,3,939,580,2817,1740,1077,38.232161874334395
ORD00335,1,Men's Shirt,Clothing,2,657,350,1314,700,614,46.727549467275495
ORD00336,1,Power Bank,Electronics,4,1019,580,4076,2320,1756,43.08145240431796
ORD00336,2,Smartphone,Electronics,3,15299,12500,45897,37500,8397,18.295313419177724
ORD00337,1,Men's T-Shirt,Clothing,3,509,280,1527,840,687,44.9901768172888
ORD00337,2,Women's Sandals,Footwear,2,917,500,1834,1000,834,45.47437295528899
ORD00337,3,Smartphone,Electronics,5,15299,12500,76495,62500,13995,18.295313419177724
ORD00338,1,Men's Sneakers,Footwear,5,1247,780,6235,3900,2335,37.44987971130714
ORD00339,1,Men's T-Shirt,Clothing,3,509,280,1527,840,687,44.9901768172888
ORD00339,2,Men's Watch,Accessories,2,1529,850,3058,1700,1358,44.408109875735775
ORD00340,1,Sunglasses,Accessories,3,611,260,1833,780,1053,57.446808510638306
ORD00341,1,Bluetooth Earbuds,Electronics,5,1503,950,7515,4750,2765,36.793080505655354
ORD00342,1,Men's Jeans,Clothing,1,959,570,959,570,389,40.56308654848801
ORD00342,2,Bedsheet,Home & Kitchen,2,959,560,1918,1120,798,41.605839416058394
ORD00342,3,Coffee Mug,Home & Kitchen,5,287,110,1435,550,885,61.672473867595826
ORD00343,1,Women's Sandals,Footwear,4,917,500,3668,2000,1668,45.47437295528899
ORD00343,2,Water Bottle,Home & Kitchen,2,407,180,814,360,454,55.77395577395578
ORD00343,3,Men's Shirt,Clothing,1,713,350,713,350,363,50.911640953716685
ORD00344,1,Backpack,Accessories,3,845,480,2535,1440,1095,43.19526627218935
ORD00345,1,Men's Wallet,Accessories,5,281,120,1405,600,805,57.29537366548043
ORD00346,1,Men's Shirt,Clothing,3,713,350,2139,1050,1089,50.911640953716685
ORD00347,1,Power Bank,Electronics,1,999,580,999,580,419,41.94194194194194
ORD00348,1,Women's Kurti,Clothing,1,799,430,799,430,369,46.18272841051314
ORD00348,2,Men's Watch,Accessories,5,1499,850,7495,4250,3245,43.29553035356904
ORD00348,3,Smartphone,Electronics,1,14999,12500,14999,12500,2499,16.661110740716047
ORD00349,1,Women's Sandals,Footwear,2,863,500,1726,1000,726,42.06257242178447
ORD00350,1,Women's Kurti,Clothing,3,799,430,2397,1290,1107,46.18272841051314
ORD00351,1,Sunglasses,Accessories,1,563,260,563,260,303,53.818827708703374
ORD00351,2,Men's Shirt,Clothing,4,657,350,2628,1400,1228,46.727549467275495
ORD00352,1,Smartphone,Electronics,5,14099,12500,70495,62500,7995,11.34122987445918
ORD00353,1,Water Bottle,Home & Kitchen,2,383,180,766,360,406,53.00261096605744
ORD00354,1,Water Bottle,Home & Kitchen,1,399,180,399,180,219,54.88721804511278
ORD00355,1,Women's Kurti,Clothing,4,815,430,3260,1720,1540,47.239263803680984
ORD00355,2,Women's Sandals,Footwear,2,917,500,1834,1000,834,45.47437295528899
ORD00356,1,Power Bank,Electronics,3,999,580,2997,1740,1257,41.94194194194194
ORD00357,1,Bedsheet,Home & Kitchen,3,999,560,2997,1680,1317,43.94394394394394
ORD00357,2,Women's Kurti,Clothing,1,799,430,799,430,369,46.18272841051314
ORD00358,1,Men's Wallet,Accessories,3,305,120,915,360,555,60.65573770491803
ORD00358,2,Bedsheet,Home & Kitchen,5,1019,560,5095,2800,2295,45.0441609421001
ORD00359,1,Men's T-Shirt,Clothing,4,509,280,2036,1120,916,44.9901768172888
ORD00359,2,Men's Jeans,Clothing,1,1019,570,1019,570,449,44.062806673209025
ORD00360,1,Sunglasses,Accessories,3,575,260,1725,780,945,54.78260869565217
ORD00360,2,Coffee Mug,Home & Kitchen,4,287,110,1148,440,708,61.672473867595826
ORD00361,1,Men's Shirt,Clothing,3,671,350,2013,1050,963,47.83904619970194
ORD00362,1,Men's Wallet,Accessories,1,287,120,287,120,167,58.18815331010453
ORD00362,2,Men's Watch,Accessories,5,1439,850,7195,4250,2945,40.931202223766505
ORD00363,1,Men's Shirt,Clothing,4,713,350,2852,1400,1452,50.911640953716685
ORD00363,2,Men's Watch,Accessories,4,1529,850,6116,3400,2716,44.408109875735775
ORD00364,1,Sunglasses,Accessories,2,611,260,1222,520,702,57.446808510638306
ORD00364,2,Men's Jeans,Clothing,4,1019,570,4076,2280,1796,44.062806673209025
ORD00364,3,Bluetooth Earbuds,Electronics,2,1631,950,3262,1900,1362,41.75352544451257
ORD00365,1,Coffee Mug,Home & Kitchen,5,281,110,1405,550,855,60.854092526690394
ORD00365,2,Men's T-Shirt,Clothing,4,469,280,1876,1120,756,40.298507462686565
ORD00366,1,Women's Kurti,Clothing,3,751,430,2253,1290,963,42.743009320905465
ORD00367,1,Men's Wallet,Accessories,3,305,120,915,360,555,60.65573770491803
ORD00367,2,Backpack,Accessories,4,917,480,3668,1920,1748,47.655398037077425
ORD00368,1,Men's Wallet,Accessories,1,305,120,305,120,185,60.65573770491803
ORD00369,1,Men's Jeans,Clothing,1,1019,570,1019,570,449,44.062806673209025
ORD00370,1,Coffee Mug,Home & Kitchen,4,287,110,1148,440,708,61.672473867595826
ORD00370,2,Men's Shirt,Clothing,1,671,350,671,350,321,47.83904619970194
ORD00370,3,Men's T-Shirt,Clothing,2,479,280,958,560,398,41.544885177453025
ORD00371,1,Women's Kurti,Clothing,1,815,430,815,430,385,47.239263803680984
ORD00372,1,Men's Wallet,Accessories,2,299,120,598,240,358,59.86622073578596
ORD00373,1,Power Bank,Electronics,2,999,580,1998,1160,838,41.94194194194194
ORD00374,1,Women's Sandals,Footwear,4,899,500,3596,2000,1596,44.38264738598443
ORD00374,2,Men's Shirt,Clothing,1,699,350,699,350,349,49.92846924177397
ORD00375,1,Men's T-Shirt,Clothing,5,509,280,2545,1400,1145,44.9901768172888
ORD00375,2,Men's Shirt,Clothing,4,713,350,2852,1400,1452,50.911640953716685
ORD00376,1,Backpack,Accessories,3,917,480,2751,1440,1311,47.655398037077425
ORD00376,2,Men's T-Shirt,Clothing,3,509,280,1527,840,687,44.9901768172888
ORD00376,3,Water Bottle,Home & Kitchen,4,407,180,1628,720,908,55.77395577395578
ORD00377,1,Men's T-Shirt,Clothing,3,469,280,1407,840,567,40.298507462686565
ORD00378,1,Men's T-Shirt,Clothing,3,509,280,1527,840,687,44.9901768172888
ORD00378,2,Coffee Mug,Home & Kitchen,1,305,110,305,110,195,63.934426229508205
ORD00379,1,Water Bottle,Home & Kitchen,1,375,180,375,180,195,52.0
ORD00379,2,Women's Kurti,Clothing,2,751,430,1502,860,642,42.743009320905465
ORD00380,1,Power Bank,Electronics,2,999,580,1998,1160,838,41.94194194194194
ORD00381,1,Smartphone,Electronics,5,14999,12500,74995,62500,12495,16.661110740716047
ORD00382,1,Water Bottle,Home & Kitchen,2,407,180,814,360,454,55.77395577395578
ORD00382,2,Coffee Mug,Home & Kitchen,3,305,110,915,330,585,63.934426229508205
ORD00383,1,Smartphone,Electronics,1,15299,12500,15299,12500,2799,18.295313419177724
ORD00384,1,Men's Shirt,Clothing,5,657,350,3285,1750,1535,46.727549467275495
ORD00385,1,Men's T-Shirt,Clothing,1,499,280,499,280,219,43.8877755511022
ORD00385,2,Men's Sneakers,Footwear,5,1299,780,6495,3900,2595,39.95381062355658
ORD00386,1,Men's Wallet,Accessories,3,305,120,915,360,555,60.65573770491803
ORD00387,1,Power Bank,Electronics,2,939,580,1878,1160,718,38.232161874334395
ORD00387,2,Men's Watch,Accessories,5,1409,850,7045,4250,2795,39.6735273243435
ORD00388,1,Water Bottle,Home & Kitchen,2,399,180,798,360,438,54.88721804511278
ORD00389,1,Men's Wallet,Accessories,3,281,120,843,360,483,57.29537366548043
ORD00389,2,Women's Kurti,Clothing,2,751,430,1502,860,642,42.743009320905465
ORD00389,3,Coffee Mug,Home & Kitchen,1,281,110,281,110,171,60.854092526690394
ORD00390,1,Water Bottle,Home & Kitchen,5,399,180,1995,900,1095,54.88721804511278
ORD00391,1,Men's Shirt,Clothing,5,713,350,3565,1750,1815,50.911640953716685
ORD00391,2,Smartphone,Electronics,5,15299,12500,76495,62500,13995,18.295313419177724
ORD00392,1,Smartphone,Electronics,5,14099,12500,70495,62500,7995,11.34122987445918
ORD00392,2,Women's Kurti,Clothing,4,751,430,3004,1720,1284,42.743009320905465
ORD00392,3,Backpack,Accessories,5,845,480,4225,2400,1825,43.19526627218935
ORD00393,1,Bedsheet,Home & Kitchen,1,939,560,939,560,379,40.36208732694356
ORD00394,1,Power Bank,Electronics,3,999,580,2997,1740,1257,41.94194194194194
ORD00394,2,Men's Wallet,Accessories,1,299,120,299,120,179,59.86622073578596
ORD00395,1,Water Bottle,Home & Kitchen,3,399,180,1197,540,657,54.88721804511278
ORD00396,1,Sunglasses,Accessories,4,599,260,2396,1040,1356,56.594323873121866
ORD00396,2,Power Bank,Electronics,4,999,580,3996,2320,1676,41.94194194194194
ORD00397,1,Sunglasses,Accessories,1,563,260,563,260,303,53.818827708703374
ORD00397,2,Bedsheet,Home & Kitchen,4,939,560,3756,2240,1516,40.36208732694356
ORD00398,1,Coffee Mug,Home & Kitchen,4,305,110,1220,440,780,63.934426229508205
ORD00398,2,Water Bottle,Home & Kitchen,2,407,180,814,360,454,55.77395577395578
ORD00399,1,Power Bank,Electronics,5,1019,580,5095,2900,2195,43.08145240431796
ORD00400,1,Women's Sandals,Footwear,4,899,500,3596,2000,1596,44.38264738598443
ORD00401,1,Backpack,Accessories,2,863,480,1726,960,766,44.3800695249131
ORD00401,2,Women's Sandals,Footwear,2,863,500,1726,1000,726,42.06257242178447
ORD00402,1,Women's Sandals,Footwear,5,917,500,4585,2500,2085,45.47437295528899
ORD00403,1,Women's Sandals,Footwear,5,917,500,4585,2500,2085,45.47437295528899
ORD00403,2,Women's Kurti,Clothing,2,815,430,1630,860,770,47.239263803680984
ORD00403,3,Men's Shirt,Clothing,5,713,350,3565,1750,1815,50.911640953716685
ORD00404,1,Water Bottle,Home & Kitchen,1,407,180,407,180,227,55.77395577395578
ORD00404,2,Bedsheet,Home & Kitchen,1,1019,560,1019,560,459,45.0441609421001
ORD00404,3,Backpack,Accessories,5,917,480,4585,2400,2185,47.655398037077425
ORD00405,1,Men's Watch,Accessories,4,1499,850,5996,3400,2596,43.29553035356904
ORD00405,2,Sunglasses,Accessories,3,599,260,1797,780,1017,56.594323873121866
ORD00405,3,Women's Kurti,Clothing,1,799,430,799,430,369,46.18272841051314
ORD00406,1,Water Bottle,Home & Kitchen,4,383,180,1532,720,812,53.00261096605744
ORD00407,1,Coffee Mug,Home & Kitchen,4,287,110,1148,440,708,61.672473867595826
ORD00407,2,Men's T-Shirt,Clothing,4,479,280,1916,1120,796,41.544885177453025
ORD00408,1,Men's Sneakers,Footwear,1,1299,780,1299,780,519,39.95381062355658
ORD00409,1,Men's T-Shirt,Clothing,2,469,280,938,560,378,40.298507462686565
ORD00410,1,Men's Wallet,Accessories,3,305,120,915,360,555,60.65573770491803
ORD00411,1,Men's Jeans,Clothing,5,999,570,4995,2850,2145,42.94294294294294
ORD00411,2,Men's Wallet,Accessories,5,299,120,1495,600,895,59.86622073578596
ORD00411,3,Bedsheet,Home & Kitchen,5,999,560,4995,2800,2195,43.94394394394394
ORD00412,1,Men's Watch,Accessories,1,1499,850,1499,850,649,43.29553035356904
ORD00412,2,Power Bank,Electronics,1,999,580,999,580,419,41.94194194194194
ORD00413,1,Men's Wallet,Accessories,2,281,120,562,240,322,57.29537366548043
ORD00414,1,Men's Wallet,Accessories,3,299,120,897,360,537,59.86622073578596
ORD00415,1,Bedsheet,Home & Kitchen,4,999,560,3996,2240,1756,43.94394394394394
ORD00415,2,Women's Sandals,Footwear,2,899,500,1798,1000,798,44.38264738598443
ORD00415,3,Men's T-Shirt,Clothing,5,499,280,2495,1400,1095,43.8877755511022
ORD00416,1,Bluetooth Earbuds,Electronics,4,1599,950,6396,3800,2596,40.58786741713571
ORD00417,1,Women's Kurti,Clothing,5,751,430,3755,2150,1605,42.743009320905465
ORD00417,2,Men's Sneakers,Footwear,1,1221,780,1221,780,441,36.11793611793612
ORD00417,3,Men's T-Shirt,Clothing,5,469,280,2345,1400,945,40.298507462686565
ORD00418,1,Women's Kurti,Clothing,4,751,430,3004,1720,1284,42.743009320905465
ORD00418,2,Backpack,Accessories,2,845,480,1690,960,730,43.19526627218935
ORD00419,1,Bluetooth Earbuds,Electronics,1,1631,950,1631,950,681,41.75352544451257
ORD00420,1,Power Bank,Electronics,2,999,580,1998,1160,838,41.94194194194194
ORD00420,2,Men's Watch,Accessories,3,1499,850,4497,2550,1947,43.29553035356904
ORD00421,1,Men's Shirt,Clothing,1,657,350,657,350,307,46.727549467275495
ORD00421,2,Water Bottle,Home & Kitchen,2,375,180,750,360,390,52.0
ORD00421,3,Men's Jeans,Clothing,5,939,570,4695,2850,1845,39.29712460063898
ORD00422,1,Sunglasses,Accessories,3,611,260,1833,780,1053,57.446808510638306
ORD00423,1,Men's Shirt,Clothing,3,713,350,2139,1050,1089,50.911640953716685
ORD00424,1,Smartphone,Electronics,2,14399,12500,28798,25000,3798,13.188415862212654
ORD00424,2,Men's Shirt,Clothing,4,671,350,2684,1400,1284,47.83904619970194
ORD00425,1,Bedsheet,Home & Kitchen,5,999,560,4995,2800,2195,43.94394394394394
ORD00425,2,Water Bottle,Home & Kitchen,4,399,180,1596,720,876,54.88721804511278
ORD00425,3,Backpack,Accessories,3,899,480,2697,1440,1257,46.60734149054505
ORD00426,1,Men's Shirt,Clothing,1,657,350,657,350,307,46.727549467275495
ORD00427,1,Men's T-Shirt,Clothing,2,509,280,1018,560,458,44.9901768172888
ORD00427,2,Sunglasses,Accessories,5,611,260,3055,1300,1755,57.446808510638306
ORD00428,1,Men's Sneakers,Footwear,3,1299,780,3897,2340,1557,39.95381062355658
ORD00428,2,Men's Shirt,Clothing,2,699,350,1398,700,698,49.92846924177397
ORD00429,1,Smartphone,Electronics,2,14099,12500,28198,25000,3198,11.34122987445918
ORD00429,2,Women's Sandals,Footwear,2,845,500,1690,1000,690,40.828402366863905
ORD00429,3,Coffee Mug,Home & Kitchen,3,281,110,843,330,513,60.854092526690394
ORD00430,1,Women's Sandals,Footwear,1,899,500,899,500,399,44.38264738598443
ORD00430,2,Backpack,Accessories,2,899,480,1798,960,838,46.60734149054505
ORD00431,1,Men's Watch,Accessories,3,1529,850,4587,2550,2037,44.408109875735775
ORD00431,2,Water Bottle,Home & Kitchen,4,407,180,1628,720,908,55.77395577395578
ORD00432,1,Men's Watch,Accessories,4,1499,850,5996,3400,2596,43.29553035356904
ORD00433,1,Bluetooth Earbuds,Electronics,5,1631,950,8155,4750,3405,41.75352544451257
ORD00433,2,Water Bottle,Home & Kitchen,3,407,180,1221,540,681,55.77395577395578
ORD00434,1,Bluetooth Earbuds,Electronics,4,1631,950,6524,3800,2724,41.75352544451257
ORD00434,2,Men's Sneakers,Footwear,1,1325,780,1325,780,545,41.132075471698116
ORD00434,3,Coffee Mug,Home & Kitchen,5,305,110,1525,550,975,63.934426229508205
ORD00435,1,Power Bank,Electronics,3,999,580,2997,1740,1257,41.94194194194194
ORD00435,2,Women's Sandals,Footwear,5,899,500,4495,2500,1995,44.38264738598443
ORD00436,1,Smartphone,Electronics,2,14999,12500,29998,25000,4998,16.661110740716047
ORD00436,2,Men's Shirt,Clothing,5,699,350,3495,1750,1745,49.92846924177397
ORD00437,1,Men's Jeans,Clothing,3,999,570,2997,1710,1287,42.94294294294294
ORD00437,2,Women's Kurti,Clothing,5,799,430,3995,2150,1845,46.18272841051314
ORD00438,1,Men's Watch,Accessories,4,1529,850,6116,3400,2716,44.408109875735775
ORD00438,2,Women's Sandals,Footwear,3,917,500,2751,1500,1251,45.47437295528899
ORD00439,1,Men's Sneakers,Footwear,3,1299,780,3897,2340,1557,39.95381062355658
ORD00440,1,Power Bank,Electronics,2,999,580,1998,1160,838,41.94194194194194
ORD00440,2,Bluetooth Earbuds,Electronics,4,1599,950,6396,3800,2596,40.58786741713571
ORD00441,1,Sunglasses,Accessories,4,611,260,2444,1040,1404,57.446808510638306
ORD00442,1,Men's Jeans,Clothing,3,1019,570,3057,1710,1347,44.062806673209025
ORD00442,2,Bluetooth Earbuds,Electronics,3,1631,950,4893,2850,2043,41.75352544451257
ORD00443,1,Coffee Mug,Home & Kitchen,1,299,110,299,110,189,63.21070234113713
ORD00443,2,Women's Kurti,Clothing,5,799,430,3995,2150,1845,46.18272841051314
ORD00443,3,Men's Watch,Accessories,5,1499,850,7495,4250,3245,43.29553035356904
ORD00444,1,Bedsheet,Home & Kitchen,2,999,560,1998,1120,878,43.94394394394394
ORD00444,2,Power Bank,Electronics,4,999,580,3996,2320,1676,41.94194194194194
ORD00444,3,Bluetooth Earbuds,Electronics,5,1599,950,7995,4750,3245,40.58786741713571
ORD00445,1,Women's Sandals,Footwear,4,899,500,3596,2000,1596,44.38264738598443
ORD00445,2,Women's Kurti,Clothing,5,799,430,3995,2150,1845,46.18272841051314
ORD00445,3,Men's Sneakers,Footwear,5,1299,780,6495,3900,2595,39.95381062355658
ORD00446,1,Men's T-Shirt,Clothing,5,509,280,2545,1400,1145,44.9901768172888
ORD00447,1,Women's Sandals,Footwear,3,899,500,2697,1500,1197,44.38264738598443
ORD00447,2,Men's Wallet,Accessories,5,299,120,1495,600,895,59.86622073578596
ORD00447,3,Men's T-Shirt,Clothing,5,499,280,2495,1400,1095,43.8877755511022
ORD00448,1,Men's Sneakers,Footwear,4,1299,780,5196,3120,2076,39.95381062355658
ORD00449,1,Backpack,Accessories,5,917,480,4585,2400,2185,47.655398037077425
ORD00450,1,Men's T-Shirt,Clothing,2,509,280,1018,560,458,44.9901768172888
ORD00450,2,Women's Sandals,Footwear,3,917,500,2751,1500,1251,45.47437295528899
ORD00451,1,Power Bank,Electronics,3,1019,580,3057,1740,1317,43.08145240431796
ORD00451,2,Women's Kurti,Clothing,5,815,430,4075,2150,1925,47.239263803680984
ORD00452,1,Smartphone,Electronics,5,15299,12500,76495,62500,13995,18.295313419177724
ORD00453,1,Smartphone,Electronics,5,15299,12500,76495,62500,13995,18.295313419177724
ORD00453,2,Men's Jeans,Clothing,1,1019,570,1019,570,449,44.062806673209025
ORD00454,1,Coffee Mug,Home & Kitchen,4,281,110,1124,440,684,60.854092526690394
ORD00454,2,Men's Shirt,Clothing,5,657,350,3285,1750,1535,46.727549467275495
ORD00454,3,Sunglasses,Accessories,5,563,260,2815,1300,1515,53.818827708703374
ORD00455,1,Men's Wallet,Accessories,5,281,120,1405,600,805,57.29537366548043
ORD00455,2,Bluetooth Earbuds,Electronics,4,1503,950,6012,3800,2212,36.793080505655354
ORD00456,1,Backpack,Accessories,1,917,480,917,480,437,47.655398037077425
ORD00456,2,Coffee Mug,Home & Kitchen,4,305,110,1220,440,780,63.934426229508205
ORD00457,1,Men's Sneakers,Footwear,4,1247,780,4988,3120,1868,37.44987971130714
ORD00458,1,Sunglasses,Accessories,4,611,260,2444,1040,1404,57.446808510638306
ORD00458,2,Women's Sandals,Footwear,3,917,500,2751,1500,1251,45.47437295528899
ORD00459,1,Men's Shirt,Clothing,4,713,350,2852,1400,1452,50.911640953716685
ORD00460,1,Women's Kurti,Clothing,4,799,430,3196,1720,1476,46.18272841051314
ORD00461,1,Coffee Mug,Home & Kitchen,2,281,110,562,220,342,60.854092526690394
ORD00461,2,Backpack,Accessories,3,845,480,2535,1440,1095,43.19526627218935
ORD00462,1,Bedsheet,Home & Kitchen,5,939,560,4695,2800,1895,40.36208732694356
ORD00463,1,Men's Sneakers,Footwear,2,1299,780,2598,1560,1038,39.95381062355658
ORD00463,2,Backpack,Accessories,5,899,480,4495,2400,2095,46.60734149054505
ORD00463,3,Bluetooth Earbuds,Electronics,1,1599,950,1599,950,649,40.58786741713571
ORD00464,1,Men's Shirt,Clothing,2,713,350,1426,700,726,50.911640953716685
ORD00464,2,Sunglasses,Accessories,4,611,260,2444,1040,1404,57.446808510638306
ORD00465,1,Bedsheet,Home & Kitchen,2,1019,560,2038,1120,918,45.0441609421001
ORD00465,2,Men's T-Shirt,Clothing,4,509,280,2036,1120,916,44.9901768172888
ORD00465,3,Men's Jeans,Clothing,3,1019,570,3057,1710,1347,44.062806673209025
ORD00466,1,Men's Sneakers,Footwear,2,1299,780,2598,1560,1038,39.95381062355658
ORD00466,2,Smartphone,Electronics,3,14999,12500,44997,37500,7497,16.661110740716047
ORD00467,1,Sunglasses,Accessories,5,611,260,3055,1300,1755,57.446808510638306
ORD00467,2,Men's T-Shirt,Clothing,5,509,280,2545,1400,1145,44.9901768172888
ORD00468,1,Women's Kurti,Clothing,5,799,430,3995,2150,1845,46.18272841051314
ORD00469,1,Men's Watch,Accessories,4,1529,850,6116,3400,2716,44.408109875735775
ORD00469,2,Backpack,Accessories,4,917,480,3668,1920,1748,47.655398037077425
ORD00469,3,Men's Wallet,Accessories,2,305,120,610,240,370,60.65573770491803
ORD00470,1,Backpack,Accessories,2,845,480,1690,960,730,43.19526627218935
ORD00471,1,Men's Wallet,Accessories,3,281,120,843,360,483,57.29537366548043
ORD00472,1,Women's Sandals,Footwear,3,917,500,2751,1500,1251,45.47437295528899
ORD00473,1,Bluetooth Earbuds,Electronics,2,1631,950,3262,1900,1362,41.75352544451257
ORD00473,2,Men's Wallet,Accessories,2,305,120,610,240,370,60.65573770491803
ORD00474,1,Backpack,Accessories,4,845,480,3380,1920,1460,43.19526627218935
ORD00475,1,Women's Kurti,Clothing,4,751,430,3004,1720,1284,42.743009320905465
ORD00476,1,Women's Kurti,Clothing,1,799,430,799,430,369,46.18272841051314
ORD00476,2,Women's Sandals,Footwear,3,899,500,2697,1500,1197,44.38264738598443
ORD00477,1,Bluetooth Earbuds,Electronics,3,1631,950,4893,2850,2043,41.75352544451257
ORD00478,1,Men's Watch,Accessories,1,1529,850,1529,850,679,44.408109875735775
ORD00478,2,Water Bottle,Home & Kitchen,3,407,180,1221,540,681,55.77395577395578
ORD00479,1,Men's Sneakers,Footwear,1,1325,780,1325,780,545,41.132075471698116
ORD00480,1,Men's Shirt,Clothing,1,699,350,699,350,349,49.92846924177397
ORD00481,1,Men's Watch,Accessories,3,1499,850,4497,2550,1947,43.29553035356904
ORD00482,1,Men's Shirt,Clothing,1,713,350,713,350,363,50.911640953716685
ORD00482,2,Power Bank,Electronics,5,1019,580,5095,2900,2195,43.08145240431796
ORD00482,3,Women's Sandals,Footwear,5,917,500,4585,2500,2085,45.47437295528899
ORD00483,1,Men's Shirt,Clothing,2,699,350,1398,700,698,49.92846924177397
ORD00483,2,Bluetooth Earbuds,Electronics,5,1599,950,7995,4750,3245,40.58786741713571
ORD00483,3,Men's Wallet,Accessories,4,299,120,1196,480,716,59.86622073578596
ORD00484,1,Men's Jeans,Clothing,2,999,570,1998,1140,858,42.94294294294294
ORD00484,2,Men's Sneakers,Footwear,4,1299,780,5196,3120,2076,39.95381062355658
ORD00484,3,Men's Wallet,Accessories,4,299,120,1196,480,716,59.86622073578596
ORD00485,1,Women's Sandals,Footwear,1,917,500,917,500,417,45.47437295528899
ORD00485,2,Backpack,Accessories,3,917,480,2751,1440,1311,47.655398037077425
ORD00485,3,Sunglasses,Accessories,3,611,260,1833,780,1053,57.446808510638306
ORD00486,1,Water Bottle,Home & Kitchen,2,399,180,798,360,438,54.88721804511278
ORD00487,1,Power Bank,Electronics,1,1019,580,1019,580,439,43.08145240431796
ORD00487,2,Bedsheet,Home & Kitchen,5,1019,560,5095,2800,2295,45.0441609421001
ORD00488,1,Sunglasses,Accessories,2,611,260,1222,520,702,57.446808510638306
ORD00489,1,Women's Sandals,Footwear,4,899,500,3596,2000,1596,44.38264738598443
ORD00490,1,Bluetooth Earbuds,Electronics,4,1631,950,6524,3800,2724,41.75352544451257
ORD00490,2,Coffee Mug,Home & Kitchen,4,305,110,1220,440,780,63.934426229508205
ORD00491,1,Coffee Mug,Home & Kitchen,2,305,110,610,220,390,63.934426229508205
ORD00492,1,Men's Shirt,Clothing,4,671,350,2684,1400,1284,47.83904619970194
ORD00492,2,Women's Kurti,Clothing,2,767,430,1534,860,674,43.9374185136897
ORD00492,3,Water Bottle,Home & Kitchen,4,383,180,1532,720,812,53.00261096605744
ORD00493,1,Men's T-Shirt,Clothing,5,509,280,2545,1400,1145,44.9901768172888
ORD00493,2,Bedsheet,Home & Kitchen,5,1019,560,5095,2800,2295,45.0441609421001
ORD00494,1,Coffee Mug,Home & Kitchen,4,305,110,1220,440,780,63.934426229508205
ORD00495,1,Women's Sandals,Footwear,4,917,500,3668,2000,1668,45.47437295528899
ORD00495,2,Men's T-Shirt,Clothing,5,509,280,2545,1400,1145,44.9901768172888
ORD00496,1,Power Bank,Electronics,3,959,580,2877,1740,1137,39.520333680917624
ORD00497,1,Water Bottle,Home & Kitchen,2,399,180,798,360,438,54.88721804511278
ORD00498,1,Women's Kurti,Clothing,4,815,430,3260,1720,1540,47.239263803680984
ORD00499,1,Water Bottle,Home & Kitchen,4,383,180,1532,720,812,53.00261096605744
ORD00499,2,Men's Wallet,Accessories,4,287,120,1148,480,668,58.18815331010453
ORD00500,1,Sunglasses,Accessories,5,575,260,2875,1300,1575,54.78260869565217
ORD00501,1,Men's Shirt,Clothing,4,699,350,2796,1400,1396,49.92846924177397
ORD00502,1,Men's Jeans,Clothing,5,999,570,4995,2850,2145,42.94294294294294
ORD00502,2,Sunglasses,Accessories,5,599,260,2995,1300,1695,56.594323873121866
ORD00502,3,Women's Kurti,Clothing,1,799,430,799,430,369,46.18272841051314
ORD00503,1,Men's Watch,Accessories,5,1499,850,7495,4250,3245,43.29553035356904
ORD00504,1,Bluetooth Earbuds,Electronics,3,1631,950,4893,2850,2043,41.75352544451257
ORD00504,2,Men's Shirt,Clothing,3,713,350,2139,1050,1089,50.911640953716685
ORD00504,3,Sunglasses,Accessories,2,611,260,1222,520,702,57.446808510638306
ORD00505,1,Sunglasses,Accessories,1,611,260,611,260,351,57.446808510638306
ORD00505,2,Bedsheet,Home & Kitchen,2,1019,560,2038,1120,918,45.0441609421001
ORD00506,1,Coffee Mug,Home & Kitchen,3,305,110,915,330,585,63.934426229508205
ORD00507,1,Power Bank,Electronics,3,1019,580,3057,1740,1317,43.08145240431796
ORD00507,2,Bedsheet,Home & Kitchen,2,1019,560,2038,1120,918,45.0441609421001
ORD00507,3,Sunglasses,Accessories,3,611,260,1833,780,1053,57.446808510638306
ORD00508,1,Men's Watch,Accessories,1,1409,850,1409,850,559,39.6735273243435
ORD00508,2,Men's Shirt,Clothing,2,657,350,1314,700,614,46.727549467275495
ORD00509,1,Sunglasses,Accessories,3,611,260,1833,780,1053,57.446808510638306
ORD00509,2,Smartphone,Electronics,4,15299,12500,61196,50000,11196,18.295313419177724
ORD00509,3,Men's T-Shirt,Clothing,2,509,280,1018,560,458,44.9901768172888
ORD00510,1,Bedsheet,Home & Kitchen,1,1019,560,1019,560,459,45.0441609421001
ORD00511,1,Men's Jeans,Clothing,3,1019,570,3057,1710,1347,44.062806673209025
ORD00512,1,Men's Watch,Accessories,4,1499,850,5996,3400,2596,43.29553035356904
ORD00512,2,Sunglasses,Accessories,2,599,260,1198,520,678,56.594323873121866
ORD00512,3,Power Bank,Electronics,5,999,580,4995,2900,2095,41.94194194194194
ORD00513,1,Women's Kurti,Clothing,1,751,430,751,430,321,42.743009320905465
ORD00513,2,Power Bank,Electronics,5,939,580,4695,2900,1795,38.232161874334395
ORD00513,3,Bedsheet,Home & Kitchen,4,939,560,3756,2240,1516,40.36208732694356
ORD00514,1,Men's Watch,Accessories,4,1499,850,5996,3400,2596,43.29553035356904
ORD00515,1,Women's Kurti,Clothing,3,815,430,2445,1290,1155,47.239263803680984
ORD00516,1,Men's Sneakers,Footwear,3,1325,780,3975,2340,1635,41.132075471698116
ORD00516,2,Men's Shirt,Clothing,4,713,350,2852,1400,1452,50.911640953716685
ORD00516,3,Women's Sandals,Footwear,1,917,500,917,500,417,45.47437295528899
ORD00517,1,Backpack,Accessories,5,899,480,4495,2400,2095,46.60734149054505
ORD00518,1,Bluetooth Earbuds,Electronics,4,1503,950,6012,3800,2212,36.793080505655354
ORD00518,2,Men's T-Shirt,Clothing,1,469,280,469,280,189,40.298507462686565
ORD00518,3,Water Bottle,Home & Kitchen,4,375,180,1500,720,780,52.0
ORD00519,1,Women's Kurti,Clothing,4,815,430,3260,1720,1540,47.239263803680984
ORD00520,1,Coffee Mug,Home & Kitchen,2,281,110,562,220,342,60.854092526690394
ORD00521,1,Water Bottle,Home & Kitchen,1,399,180,399,180,219,54.88721804511278
ORD00521,2,Men's Wallet,Accessories,5,299,120,1495,600,895,59.86622073578596
ORD00522,1,Coffee Mug,Home & Kitchen,1,287,110,287,110,177,61.672473867595826
ORD00523,1,Men's Jeans,Clothing,1,999,570,999,570,429,42.94294294294294
ORD00524,1,Men's Sneakers,Footwear,4,1325,780,5300,3120,2180,41.132075471698116
ORD00524,2,Sunglasses,Accessories,3,611,260,1833,780,1053,57.446808510638306
ORD00524,3,Power Bank,Electronics,2,1019,580,2038,1160,878,43.08145240431796
ORD00525,1,Men's Sneakers,Footwear,4,1325,780,5300,3120,2180,41.132075471698116
ORD00525,2,Bluetooth Earbuds,Electronics,3,1631,950,4893,2850,2043,41.75352544451257
ORD00525,3,Women's Kurti,Clothing,4,815,430,3260,1720,1540,47.239263803680984
ORD00526,1,Smartphone,Electronics,4,14999,12500,59996,50000,9996,16.661110740716047
ORD00527,1,Coffee Mug,Home & Kitchen,2,305,110,610,220,390,63.934426229508205
ORD00528,1,Bluetooth Earbuds,Electronics,1,1599,950,1599,950,649,40.58786741713571
ORD00529,1,Bedsheet,Home & Kitchen,3,1019,560,3057,1680,1377,45.0441609421001
ORD00529,2,Bluetooth Earbuds,Electronics,2,1631,950,3262,1900,1362,41.75352544451257
ORD00530,1,Power Bank,Electronics,3,1019,580,3057,1740,1317,43.08145240431796
ORD00531,1,Smartphone,Electronics,1,15299,12500,15299,12500,2799,18.295313419177724
ORD00532,1,Bedsheet,Home & Kitchen,1,1019,560,1019,560,459,45.0441609421001
ORD00533,1,Power Bank,Electronics,1,999,580,999,580,419,41.94194194194194
ORD00534,1,Men's T-Shirt,Clothing,1,509,280,509,280,229,44.9901768172888
ORD00535,1,Men's Jeans,Clothing,3,1019,570,3057,1710,1347,44.062806673209025
ORD00536,1,Men's Watch,Accessories,4,1529,850,6116,3400,2716,44.408109875735775
ORD00536,2,Water Bottle,Home & Kitchen,5,407,180,2035,900,1135,55.77395577395578
ORD00537,1,Sunglasses,Accessories,4,611,260,2444,1040,1404,57.446808510638306
ORD00537,2,Men's Shirt,Clothing,2,713,350,1426,700,726,50.911640953716685
ORD00538,1,Sunglasses,Accessories,4,611,260,2444,1040,1404,57.446808510638306
ORD00538,2,Men's Sneakers,Footwear,4,1325,780,5300,3120,2180,41.132075471698116
ORD00539,1,Men's T-Shirt,Clothing,5,479,280,2395,1400,995,41.544885177453025
ORD00539,2,Women's Sandals,Footwear,4,863,500,3452,2000,1452,42.06257242178447
ORD00540,1,Smartphone,Electronics,5,14999,12500,74995,62500,12495,16.661110740716047
ORD00540,2,Coffee Mug,Home & Kitchen,3,299,110,897,330,567,63.21070234113713
ORD00541,1,Bedsheet,Home & Kitchen,4,1019,560,4076,2240,1836,45.0441609421001
ORD00542,1,Men's Sneakers,Footwear,1,1325,780,1325,780,545,41.132075471698116
ORD00543,1,Power Bank,Electronics,2,999,580,1998,1160,838,41.94194194194194
ORD00544,1,Backpack,Accessories,1,899,480,899,480,419,46.60734149054505
ORD00544,2,Men's Shirt,Clothing,3,699,350,2097,1050,1047,49.92846924177397
ORD00545,1,Water Bottle,Home & Kitchen,3,383,180,1149,540,609,53.00261096605744
ORD00545,2,Power Bank,Electronics,5,959,580,4795,2900,1895,39.520333680917624
ORD00546,1,Women's Kurti,Clothing,1,815,430,815,430,385,47.239263803680984
ORD00547,1,Coffee Mug,Home & Kitchen,3,299,110,897,330,567,63.21070234113713
ORD00547,2,Smartphone,Electronics,4,14999,12500,59996,50000,9996,16.661110740716047
ORD00548,1,Water Bottle,Home & Kitchen,1,399,180,399,180,219,54.88721804511278
ORD00548,2,Men's T-Shirt,Clothing,2,499,280,998,560,438,43.8877755511022
ORD00549,1,Power Bank,Electronics,1,939,580,939,580,359,38.232161874334395
ORD00549,2,Men's Sneakers,Footwear,4,1221,780,4884,3120,1764,36.11793611793612
ORD00550,1,Bluetooth Earbuds,Electronics,2,1631,950,3262,1900,1362,41.75352544451257
ORD00551,1,Men's Jeans,Clothing,3,999,570,2997,1710,1287,42.94294294294294
ORD00552,1,Men's Watch,Accessories,5,1529,850,7645,4250,3395,44.408109875735775
ORD00553,1,Bluetooth Earbuds,Electronics,5,1599,950,7995,4750,3245,40.58786741713571
ORD00554,1,Men's Jeans,Clothing,1,959,570,959,570,389,40.56308654848801
ORD00555,1,Coffee Mug,Home & Kitchen,3,299,110,897,330,567,63.21070234113713
ORD00555,2,Sunglasses,Accessories,1,599,260,599,260,339,56.594323873121866
ORD00556,1,Men's T-Shirt,Clothing,1,509,280,509,280,229,44.9901768172888
ORD00556,2,Bluetooth Earbuds,Electronics,1,1631,950,1631,950,681,41.75352544451257
ORD00556,3,Men's Wallet,Accessories,5,305,120,1525,600,925,60.65573770491803
ORD00557,1,Men's Shirt,Clothing,1,713,350,713,350,363,50.911640953716685
ORD00558,1,Water Bottle,Home & Kitchen,2,407,180,814,360,454,55.77395577395578
ORD00559,1,Bedsheet,Home & Kitchen,1,1019,560,1019,560,459,45.0441609421001
ORD00559,2,Women's Sandals,Footwear,5,917,500,4585,2500,2085,45.47437295528899
ORD00560,1,Bluetooth Earbuds,Electronics,3,1503,950,4509,2850,1659,36.793080505655354
ORD00560,2,Sunglasses,Accessories,5,563,260,2815,1300,1515,53.818827708703374
ORD00561,1,Bedsheet,Home & Kitchen,1,999,560,999,560,439,43.94394394394394
ORD00562,1,Men's Sneakers,Footwear,1,1325,780,1325,780,545,41.132075471698116
ORD00563,1,Bluetooth Earbuds,Electronics,1,1599,950,1599,950,649,40.58786741713571
ORD00564,1,Men's Watch,Accessories,2,1529,850,3058,1700,1358,44.408109875735775
ORD00565,1,Women's Kurti,Clothing,1,799,430,799,430,369,46.18272841051314
ORD00565,2,Men's Watch,Accessories,5,1499,850,7495,4250,3245,43.29553035356904
ORD00566,1,Men's Jeans,Clothing,1,999,570,999,570,429,42.94294294294294
ORD00567,1,Water Bottle,Home & Kitchen,5,407,180,2035,900,1135,55.77395577395578
ORD00568,1,Women's Kurti,Clothing,1,815,430,815,430,385,47.239263803680984
ORD00569,1,Coffee Mug,Home & Kitchen,5,305,110,1525,550,975,63.934426229508205
ORD00570,1,Men's Sneakers,Footwear,3,1299,780,3897,2340,1557,39.95381062355658
ORD00571,1,Men's Shirt,Clothing,4,713,350,2852,1400,1452,50.911640953716685
ORD00572,1,Bluetooth Earbuds,Electronics,3,1599,950,4797,2850,1947,40.58786741713571
ORD00572,2,Men's Jeans,Clothing,4,999,570,3996,2280,1716,42.94294294294294
ORD00573,1,Men's Watch,Accessories,5,1499,850,7495,4250,3245,43.29553035356904
ORD00573,2,Sunglasses,Accessories,3,599,260,1797,780,1017,56.594323873121866
ORD00573,3,Smartphone,Electronics,2,14999,12500,29998,25000,4998,16.661110740716047
ORD00574,1,Women's Sandals,Footwear,1,917,500,917,500,417,45.47437295528899
ORD00575,1,Men's Sneakers,Footwear,1,1247,780,1247,780,467,37.44987971130714
ORD00575,2,Coffee Mug,Home & Kitchen,2,287,110,574,220,354,61.672473867595826
ORD00576,1,Power Bank,Electronics,3,1019,580,3057,1740,1317,43.08145240431796
ORD00577,1,Sunglasses,Accessories,5,563,260,2815,1300,1515,53.818827708703374
ORD00578,1,Coffee Mug,Home & Kitchen,1,305,110,305,110,195,63.934426229508205
ORD00578,2,Men's Shirt,Clothing,2,713,350,1426,700,726,50.911640953716685
ORD00579,1,Coffee Mug,Home & Kitchen,4,299,110,1196,440,756,63.21070234113713
ORD00579,2,Men's Watch,Accessories,1,1499,850,1499,850,649,43.29553035356904
ORD00580,1,Men's Sneakers,Footwear,3,1325,780,3975,2340,1635,41.132075471698116
ORD00581,1,Sunglasses,Accessories,4,611,260,2444,1040,1404,57.446808510638306
ORD00582,1,Men's T-Shirt,Clothing,5,509,280,2545,1400,1145,44.9901768172888
ORD00583,1,Women's Sandals,Footwear,3,845,500,2535,1500,1035,40.828402366863905
ORD00584,1,Men's Wallet,Accessories,2,305,120,610,240,370,60.65573770491803
ORD00584,2,Men's Watch,Accessories,1,1529,850,1529,850,679,44.408109875735775
ORD00584,3,Men's Sneakers,Footwear,5,1325,780,6625,3900,2725,41.132075471698116
ORD00585,1,Women's Kurti,Clothing,5,799,430,3995,2150,1845,46.18272841051314
ORD00585,2,Backpack,Accessories,3,899,480,2697,1440,1257,46.60734149054505
ORD00586,1,Coffee Mug,Home & Kitchen,1,299,110,299,110,189,63.21070234113713
ORD00587,1,Women's Kurti,Clothing,4,767,430,3068,1720,1348,43.9374185136897
ORD00588,1,Men's Shirt,Clothing,4,713,350,2852,1400,1452,50.911640953716685
ORD00589,1,Smartphone,Electronics,3,15299,12500,45897,37500,8397,18.295313419177724
ORD00589,2,Men's Watch,Accessories,5,1529,850,7645,4250,3395,44.408109875735775
ORD00590,1,Women's Sandals,Footwear,3,845,500,2535,1500,1035,40.828402366863905
ORD00590,2,Men's Sneakers,Footwear,4,1221,780,4884,3120,1764,36.11793611793612
ORD00591,1,Backpack,Accessories,3,917,480,2751,1440,1311,47.655398037077425
ORD00591,2,Men's Watch,Accessories,2,1529,850,3058,1700,1358,44.408109875735775
ORD00592,1,Smartphone,Electronics,4,14999,12500,59996,50000,9996,16.661110740716047
ORD00593,1,Women's Sandals,Footwear,2,863,500,1726,1000,726,42.06257242178447
ORD00594,1,Women's Sandals,Footwear,3,899,500,2697,1500,1197,44.38264738598443
ORD00595,1,Water Bottle,Home & Kitchen,4,383,180,1532,720,812,53.00261096605744
ORD00595,2,Men's Wallet,Accessories,3,287,120,861,360,501,58.18815331010453
ORD00596,1,Power Bank,Electronics,1,959,580,959,580,379,39.520333680917624
ORD00597,1,Men's Watch,Accessories,1,1529,850,1529,850,679,44.408109875735775
ORD00598,1,Men's T-Shirt,Clothing,1,509,280,509,280,229,44.9901768172888
ORD00599,1,Men's T-Shirt,Clothing,4,479,280,1916,1120,796,41.544885177453025
ORD00600,1,Power Bank,Electronics,4,1019,580,4076,2320,1756,43.08145240431796
ORD00600,2,Men's T-Shirt,Clothing,1,509,280,509,280,229,44.9901768172888
ORD00600,3,Bedsheet,Home & Kitchen,1,1019,560,1019,560,459,45.0441609421001
ORD00601,1,Bedsheet,Home & Kitchen,1,939,560,939,560,379,40.36208732694356
ORD00602,1,Men's Watch,Accessories,3,1409,850,4227,2550,1677,39.6735273243435
ORD00603,1,Power Bank,Electronics,1,1019,580,1019,580,439,43.08145240431796
ORD00603,2,Men's Shirt,Clothing,4,713,350,2852,1400,1452,50.911640953716685
ORD00604,1,Power Bank,Electronics,3,1019,580,3057,1740,1317,43.08145240431796
ORD00604,2,Backpack,Accessories,3,917,480,2751,1440,1311,47.655398037077425
ORD00604,3,Men's Wallet,Accessories,3,305,120,915,360,555,60.65573770491803
ORD00605,1,Coffee Mug,Home & Kitchen,5,299,110,1495,550,945,63.21070234113713
ORD00605,2,Men's Wallet,Accessories,2,299,120,598,240,358,59.86622073578596
ORD00606,1,Water Bottle,Home & Kitchen,5,375,180,1875,900,975,52.0
ORD00607,1,Bluetooth Earbuds,Electronics,2,1503,950,3006,1900,1106,36.793080505655354
ORD00608,1,Sunglasses,Accessories,5,599,260,2995,1300,1695,56.594323873121866
ORD00609,1,Men's Jeans,Clothing,3,999,570,2997,1710,1287,42.94294294294294
ORD00610,1,Men's Wallet,Accessories,3,281,120,843,360,483,57.29537366548043
ORD00611,1,Men's T-Shirt,Clothing,4,499,280,1996,1120,876,43.8877755511022
ORD00612,1,Men's Watch,Accessories,5,1409,850,7045,4250,2795,39.6735273243435
ORD00612,2,Power Bank,Electronics,4,939,580,3756,2320,1436,38.232161874334395
ORD00613,1,Bluetooth Earbuds,Electronics,5,1631,950,8155,4750,3405,41.75352544451257
ORD00613,2,Backpack,Accessories,3,917,480,2751,1440,1311,47.655398037077425
ORD00613,3,Men's Shirt,Clothing,5,713,350,3565,1750,1815,50.911640953716685
ORD00614,1,Men's Shirt,Clothing,3,699,350,2097,1050,1047,49.92846924177397
ORD00615,1,Power Bank,Electronics,3,999,580,2997,1740,1257,41.94194194194194
ORD00615,2,Sunglasses,Accessories,5,599,260,2995,1300,1695,56.594323873121866
ORD00615,3,Men's Shirt,Clothing,3,699,350,2097,1050,1047,49.92846924177397
ORD00616,1,Water Bottle,Home & Kitchen,5,407,180,2035,900,1135,55.77395577395578
ORD00617,1,Men's T-Shirt,Clothing,3,509,280,1527,840,687,44.9901768172888
ORD00618,1,Sunglasses,Accessories,3,563,260,1689,780,909,53.818827708703374
ORD00618,2,Women's Kurti,Clothing,5,751,430,3755,2150,1605,42.743009320905465
ORD00619,1,Backpack,Accessories,3,863,480,2589,1440,1149,44.3800695249131
ORD00619,2,Bedsheet,Home & Kitchen,2,959,560,1918,1120,798,41.605839416058394
ORD00620,1,Bedsheet,Home & Kitchen,5,999,560,4995,2800,2195,43.94394394394394
ORD00621,1,Men's Sneakers,Footwear,3,1221,780,3663,2340,1323,36.11793611793612
ORD00621,2,Sunglasses,Accessories,2,563,260,1126,520,606,53.818827708703374
ORD00621,3,Backpack,Accessories,2,845,480,1690,960,730,43.19526627218935
ORD00622,1,Men's Watch,Accessories,4,1499,850,5996,3400,2596,43.29553035356904
ORD00622,2,Men's Wallet,Accessories,4,299,120,1196,480,716,59.86622073578596
ORD00622,3,Sunglasses,Accessories,3,599,260,1797,780,1017,56.594323873121866
ORD00623,1,Smartphone,Electronics,3,15299,12500,45897,37500,8397,18.295313419177724
ORD00623,2,Men's Sneakers,Footwear,3,1325,780,3975,2340,1635,41.132075471698116
ORD00623,3,Bedsheet,Home & Kitchen,5,1019,560,5095,2800,2295,45.0441609421001
ORD00624,1,Women's Kurti,Clothing,2,751,430,1502,860,642,42.743009320905465
ORD00625,1,Men's Jeans,Clothing,5,1019,570,5095,2850,2245,44.062806673209025
ORD00626,1,Men's Shirt,Clothing,1,657,350,657,350,307,46.727549467275495
ORD00627,1,Bluetooth Earbuds,Electronics,5,1599,950,7995,4750,3245,40.58786741713571
ORD00627,2,Men's Wallet,Accessories,5,299,120,1495,600,895,59.86622073578596
ORD00628,1,Men's Sneakers,Footwear,5,1299,780,6495,3900,2595,39.95381062355658
ORD00628,2,Women's Sandals,Footwear,1,899,500,899,500,399,44.38264738598443
ORD00629,1,Men's T-Shirt,Clothing,3,509,280,1527,840,687,44.9901768172888
ORD00630,1,Bedsheet,Home & Kitchen,2,959,560,1918,1120,798,41.605839416058394
ORD00631,1,Men's T-Shirt,Clothing,3,509,280,1527,840,687,44.9901768172888
ORD00632,1,Backpack,Accessories,1,863,480,863,480,383,44.3800695249131
ORD00633,1,Women's Sandals,Footwear,4,917,500,3668,2000,1668,45.47437295528899
ORD00634,1,Sunglasses,Accessories,2,599,260,1198,520,678,56.594323873121866
ORD00634,2,Smartphone,Electronics,2,14999,12500,29998,25000,4998,16.661110740716047
ORD00634,3,Bedsheet,Home & Kitchen,1,999,560,999,560,439,43.94394394394394
ORD00635,1,Women's Kurti,Clothing,3,767,430,2301,1290,1011,43.9374185136897
ORD00635,2,Men's Sneakers,Footwear,1,1247,780,1247,780,467,37.44987971130714
ORD00636,1,Water Bottle,Home & Kitchen,5,399,180,1995,900,1095,54.88721804511278
ORD00636,2,Women's Kurti,Clothing,4,799,430,3196,1720,1476,46.18272841051314
ORD00637,1,Smartphone,Electronics,3,15299,12500,45897,37500,8397,18.295313419177724
ORD00637,2,Men's Watch,Accessories,2,1529,850,3058,1700,1358,44.408109875735775
ORD00637,3,Backpack,Accessories,1,917,480,917,480,437,47.655398037077425
ORD00638,1,Men's Watch,Accessories,2,1529,850,3058,1700,1358,44.408109875735775
ORD00638,2,Backpack,Accessories,4,917,480,3668,1920,1748,47.655398037077425
ORD00639,1,Men's T-Shirt,Clothing,4,509,280,2036,1120,916,44.9901768172888
ORD00640,1,Women's Kurti,Clothing,3,799,430,2397,1290,1107,46.18272841051314
ORD00641,1,Backpack,Accessories,5,917,480,4585,2400,2185,47.655398037077425
ORD00641,2,Men's Sneakers,Footwear,1,1325,780,1325,780,545,41.132075471698116
ORD00641,3,Women's Kurti,Clothing,3,815,430,2445,1290,1155,47.239263803680984
ORD00642,1,Women's Kurti,Clothing,5,767,430,3835,2150,1685,43.9374185136897
ORD00642,2,Men's T-Shirt,Clothing,5,479,280,2395,1400,995,41.544885177453025
ORD00643,1,Women's Kurti,Clothing,2,751,430,1502,860,642,42.743009320905465
ORD00644,1,Bedsheet,Home & Kitchen,2,1019,560,2038,1120,918,45.0441609421001
ORD00645,1,Men's Sneakers,Footwear,2,1299,780,2598,1560,1038,39.95381062355658
ORD00645,2,Power Bank,Electronics,5,999,580,4995,2900,2095,41.94194194194194
ORD00646,1,Men's Sneakers,Footwear,1,1325,780,1325,780,545,41.132075471698116
ORD00646,2,Backpack,Accessories,4,917,480,3668,1920,1748,47.655398037077425
ORD00646,3,Bedsheet,Home & Kitchen,1,1019,560,1019,560,459,45.0441609421001
ORD00647,1,Men's Jeans,Clothing,4,999,570,3996,2280,1716,42.94294294294294
ORD00648,1,Women's Sandals,Footwear,4,863,500,3452,2000,1452,42.06257242178447
ORD00648,2,Sunglasses,Accessories,1,575,260,575,260,315,54.78260869565217
ORD00649,1,Women's Kurti,Clothing,3,815,430,2445,1290,1155,47.239263803680984
ORD00649,2,Smartphone,Electronics,2,15299,12500,30598,25000,5598,18.295313419177724
ORD00650,1,Men's Wallet,Accessories,4,305,120,1220,480,740,60.65573770491803
ORD00651,1,Backpack,Accessories,4,899,480,3596,1920,1676,46.60734149054505
ORD00651,2,Men's T-Shirt,Clothing,2,499,280,998,560,438,43.8877755511022
ORD00651,3,Sunglasses,Accessories,2,599,260,1198,520,678,56.594323873121866
ORD00652,1,Water Bottle,Home & Kitchen,4,399,180,1596,720,876,54.88721804511278
ORD00652,2,Bluetooth Earbuds,Electronics,5,1599,950,7995,4750,3245,40.58786741713571
ORD00653,1,Power Bank,Electronics,5,939,580,4695,2900,1795,38.232161874334395
ORD00653,2,Bedsheet,Home & Kitchen,5,939,560,4695,2800,1895,40.36208732694356
ORD00653,3,Women's Sandals,Footwear,3,845,500,2535,1500,1035,40.828402366863905
ORD00654,1,Water Bottle,Home & Kitchen,3,399,180,1197,540,657,54.88721804511278
ORD00654,2,Bluetooth Earbuds,Electronics,4,1599,950,6396,3800,2596,40.58786741713571
ORD00655,1,Women's Kurti,Clothing,1,767,430,767,430,337,43.9374185136897
ORD00655,2,Sunglasses,Accessories,4,575,260,2300,1040,1260,54.78260869565217
ORD00656,1,Sunglasses,Accessories,1,575,260,575,260,315,54.78260869565217
ORD00656,2,Bedsheet,Home & Kitchen,4,959,560,3836,2240,1596,41.605839416058394
ORD00657,1,Men's Watch,Accessories,3,1409,850,4227,2550,1677,39.6735273243435
ORD00657,2,Power Bank,Electronics,1,939,580,939,580,359,38.232161874334395
ORD00657,3,Coffee Mug,Home & Kitchen,1,281,110,281,110,171,60.854092526690394
ORD00658,1,Power Bank,Electronics,2,1019,580,2038,1160,878,43.08145240431796
ORD00659,1,Water Bottle,Home & Kitchen,4,407,180,1628,720,908,55.77395577395578
ORD00659,2,Women's Kurti,Clothing,3,815,430,2445,1290,1155,47.239263803680984
ORD00660,1,Women's Sandals,Footwear,2,845,500,1690,1000,690,40.828402366863905
ORD00661,1,Coffee Mug,Home & Kitchen,2,305,110,610,220,390,63.934426229508205
ORD00662,1,Men's Shirt,Clothing,2,713,350,1426,700,726,50.911640953716685
ORD00663,1,Women's Sandals,Footwear,2,845,500,1690,1000,690,40.828402366863905
ORD00663,2,Women's Kurti,Clothing,4,751,430,3004,1720,1284,42.743009320905465
ORD00663,3,Men's Watch,Accessories,4,1409,850,5636,3400,2236,39.6735273243435
ORD00664,1,Smartphone,Electronics,2,14099,12500,28198,25000,3198,11.34122987445918
ORD00664,2,Men's Watch,Accessories,3,1409,850,4227,2550,1677,39.6735273243435
ORD00665,1,Power Bank,Electronics,4,1019,580,4076,2320,1756,43.08145240431796
ORD00665,2,Men's Shirt,Clothing,1,713,350,713,350,363,50.911640953716685
ORD00666,1,Women's Kurti,Clothing,2,767,430,1534,860,674,43.9374185136897
ORD00667,1,Coffee Mug,Home & Kitchen,4,287,110,1148,440,708,61.672473867595826
ORD00667,2,Men's Shirt,Clothing,4,671,350,2684,1400,1284,47.83904619970194
ORD00668,1,Water Bottle,Home & Kitchen,1,407,180,407,180,227,55.77395577395578
ORD00669,1,Men's Watch,Accessories,3,1409,850,4227,2550,1677,39.6735273243435
ORD00669,2,Smartphone,Electronics,1,14099,12500,14099,12500,1599,11.34122987445918
ORD00670,1,Men's Sneakers,Footwear,3,1325,780,3975,2340,1635,41.132075471698116
ORD00671,1,Bluetooth Earbuds,Electronics,4,1631,950,6524,3800,2724,41.75352544451257
ORD00672,1,Coffee Mug,Home & Kitchen,1,287,110,287,110,177,61.672473867595826
ORD00672,2,Sunglasses,Accessories,5,575,260,2875,1300,1575,54.78260869565217
ORD00673,1,Men's Wallet,Accessories,5,299,120,1495,600,895,59.86622073578596
ORD00674,1,Smartphone,Electronics,4,15299,12500,61196,50000,11196,18.295313419177724
ORD00674,2,Water Bottle,Home & Kitchen,3,407,180,1221,540,681,55.77395577395578
ORD00675,1,Backpack,Accessories,4,899,480,3596,1920,1676,46.60734149054505
ORD00676,1,Smartphone,Electronics,5,15299,12500,76495,62500,13995,18.295313419177724
ORD00677,1,Sunglasses,Accessories,4,599,260,2396,1040,1356,56.594323873121866
ORD00678,1,Men's Shirt,Clothing,3,699,350,2097,1050,1047,49.92846924177397
ORD00679,1,Men's Sneakers,Footwear,4,1325,780,5300,3120,2180,41.132075471698116
ORD00679,2,Men's Wallet,Accessories,5,305,120,1525,600,925,60.65573770491803
ORD00680,1,Men's T-Shirt,Clothing,3,469,280,1407,840,567,40.298507462686565
ORD00680,2,Bedsheet,Home & Kitchen,2,939,560,1878,1120,758,40.36208732694356
ORD00681,1,Men's Sneakers,Footwear,3,1325,780,3975,2340,1635,41.132075471698116
ORD00682,1,Water Bottle,Home & Kitchen,2,407,180,814,360,454,55.77395577395578
ORD00683,1,Smartphone,Electronics,1,15299,12500,15299,12500,2799,18.295313419177724
ORD00684,1,Men's T-Shirt,Clothing,3,469,280,1407,840,567,40.298507462686565
ORD00685,1,Women's Kurti,Clothing,5,751,430,3755,2150,1605,42.743009320905465
ORD00686,1,Men's Jeans,Clothing,4,999,570,3996,2280,1716,42.94294294294294
ORD00687,1,Coffee Mug,Home & Kitchen,3,299,110,897,330,567,63.21070234113713
ORD00687,2,Men's Jeans,Clothing,5,999,570,4995,2850,2145,42.94294294294294
ORD00687,3,Men's Shirt,Clothing,4,699,350,2796,1400,1396,49.92846924177397
ORD00688,1,Water Bottle,Home & Kitchen,4,407,180,1628,720,908,55.77395577395578
ORD00688,2,Men's Jeans,Clothing,3,1019,570,3057,1710,1347,44.062806673209025
ORD00688,3,Men's T-Shirt,Clothing,5,509,280,2545,1400,1145,44.9901768172888
ORD00689,1,Bedsheet,Home & Kitchen,2,999,560,1998,1120,878,43.94394394394394
ORD00690,1,Men's Wallet,Accessories,3,281,120,843,360,483,57.29537366548043
ORD00690,2,Water Bottle,Home & Kitchen,1,375,180,375,180,195,52.0
ORD00691,1,Smartphone,Electronics,4,14999,12500,59996,50000,9996,16.661110740716047
ORD00691,2,Coffee Mug,Home & Kitchen,4,299,110,1196,440,756,63.21070234113713
ORD00692,1,Men's Wallet,Accessories,4,305,120,1220,480,740,60.65573770491803
ORD00692,2,Men's Jeans,Clothing,5,1019,570,5095,2850,2245,44.062806673209025
ORD00693,1,Backpack,Accessories,4,899,480,3596,1920,1676,46.60734149054505
ORD00694,1,Water Bottle,Home & Kitchen,3,383,180,1149,540,609,53.00261096605744
ORD00694,2,Bluetooth Earbuds,Electronics,1,1535,950,1535,950,585,38.11074918566775
ORD00695,1,Backpack,Accessories,2,863,480,1726,960,766,44.3800695249131
ORD00696,1,Women's Sandals,Footwear,3,899,500,2697,1500,1197,44.38264738598443
ORD00696,2,Bluetooth Earbuds,Electronics,3,1599,950,4797,2850,1947,40.58786741713571
ORD00697,1,Coffee Mug,Home & Kitchen,1,299,110,299,110,189,63.21070234113713
ORD00698,1,Men's Shirt,Clothing,1,699,350,699,350,349,49.92846924177397
ORD00698,2,Smartphone,Electronics,5,14999,12500,74995,62500,12495,16.661110740716047
ORD00699,1,Backpack,Accessories,4,899,480,3596,1920,1676,46.60734149054505
ORD00700,1,Women's Sandals,Footwear,2,917,500,1834,1000,834,45.47437295528899
ORD00701,1,Women's Sandals,Footwear,1,899,500,899,500,399,44.38264738598443
ORD00702,1,Men's Jeans,Clothing,5,1019,570,5095,2850,2245,44.062806673209025
ORD00702,2,Smartphone,Electronics,2,15299,12500,30598,25000,5598,18.295313419177724
ORD00703,1,Men's Sneakers,Footwear,4,1247,780,4988,3120,1868,37.44987971130714
ORD00703,2,Men's Wallet,Accessories,5,287,120,1435,600,835,58.18815331010453
ORD00703,3,Men's Shirt,Clothing,4,671,350,2684,1400,1284,47.83904619970194
ORD00704,1,Bedsheet,Home & Kitchen,1,999,560,999,560,439,43.94394394394394
ORD00705,1,Women's Sandals,Footwear,3,899,500,2697,1500,1197,44.38264738598443
ORD00706,1,Men's Shirt,Clothing,4,713,350,2852,1400,1452,50.911640953716685
ORD00706,2,Men's Sneakers,Footwear,1,1325,780,1325,780,545,41.132075471698116
ORD00706,3,Women's Sandals,Footwear,1,917,500,917,500,417,45.47437295528899
ORD00707,1,Backpack,Accessories,1,917,480,917,480,437,47.655398037077425
ORD00707,2,Bedsheet,Home & Kitchen,3,1019,560,3057,1680,1377,45.0441609421001
ORD00707,3,Men's Jeans,Clothing,1,1019,570,1019,570,449,44.062806673209025
ORD00708,1,Bluetooth Earbuds,Electronics,5,1631,950,8155,4750,3405,41.75352544451257
ORD00708,2,Men's Jeans,Clothing,4,1019,570,4076,2280,1796,44.062806673209025
ORD00709,1,Bedsheet,Home & Kitchen,2,999,560,1998,1120,878,43.94394394394394
ORD00709,2,Women's Kurti,Clothing,2,799,430,1598,860,738,46.18272841051314
ORD00710,1,Bedsheet,Home & Kitchen,3,999,560,2997,1680,1317,43.94394394394394
ORD00711,1,Water Bottle,Home & Kitchen,1,399,180,399,180,219,54.88721804511278
ORD00711,2,Men's Shirt,Clothing,2,699,350,1398,700,698,49.92846924177397
ORD00712,1,Power Bank,Electronics,2,1019,580,2038,1160,878,43.08145240431796
ORD00713,1,Bedsheet,Home & Kitchen,5,939,560,4695,2800,1895,40.36208732694356
ORD00714,1,Men's Shirt,Clothing,4,699,350,2796,1400,1396,49.92846924177397
ORD00714,2,Men's Jeans,Clothing,1,999,570,999,570,429,42.94294294294294
ORD00715,1,Men's Sneakers,Footwear,5,1299,780,6495,3900,2595,39.95381062355658
ORD00716,1,Sunglasses,Accessories,2,611,260,1222,520,702,57.446808510638306
ORD00717,1,Men's Sneakers,Footwear,5,1299,780,6495,3900,2595,39.95381062355658
ORD00717,2,Men's Shirt,Clothing,1,699,350,699,350,349,49.92846924177397
ORD00717,3,Power Bank,Electronics,3,999,580,2997,1740,1257,41.94194194194194
ORD00718,1,Bedsheet,Home & Kitchen,3,939,560,2817,1680,1137,40.36208732694356
ORD00719,1,Bluetooth Earbuds,Electronics,5,1503,950,7515,4750,2765,36.793080505655354
ORD00720,1,Women's Kurti,Clothing,1,799,430,799,430,369,46.18272841051314
ORD00720,2,Backpack,Accessories,1,899,480,899,480,419,46.60734149054505
ORD00721,1,Women's Sandals,Footwear,5,845,500,4225,2500,1725,40.828402366863905
ORD00721,2,Men's T-Shirt,Clothing,3,469,280,1407,840,567,40.298507462686565
ORD00722,1,Backpack,Accessories,2,917,480,1834,960,874,47.655398037077425
ORD00722,2,Men's Watch,Accessories,2,1529,850,3058,1700,1358,44.408109875735775
ORD00722,3,Bluetooth Earbuds,Electronics,2,1631,950,3262,1900,1362,41.75352544451257
ORD00723,1,Bedsheet,Home & Kitchen,3,939,560,2817,1680,1137,40.36208732694356
ORD00723,2,Men's Jeans,Clothing,4,939,570,3756,2280,1476,39.29712460063898
ORD00723,3,Bluetooth Earbuds,Electronics,5,1503,950,7515,4750,2765,36.793080505655354
ORD00724,1,Women's Sandals,Footwear,5,917,500,4585,2500,2085,45.47437295528899
ORD00724,2,Men's Shirt,Clothing,4,713,350,2852,1400,1452,50.911640953716685
ORD00724,3,Men's Wallet,Accessories,4,305,120,1220,480,740,60.65573770491803
ORD00725,1,Men's Jeans,Clothing,4,999,570,3996,2280,1716,42.94294294294294
ORD00726,1,Coffee Mug,Home & Kitchen,4,281,110,1124,440,684,60.854092526690394
ORD00726,2,Water Bottle,Home & Kitchen,2,375,180,750,360,390,52.0
ORD00727,1,Men's Shirt,Clothing,3,699,350,2097,1050,1047,49.92846924177397
ORD00727,2,Men's Jeans,Clothing,4,999,570,3996,2280,1716,42.94294294294294
ORD00727,3,Men's T-Shirt,Clothing,3,499,280,1497,840,657,43.8877755511022
ORD00728,1,Women's Sandals,Footwear,2,899,500,1798,1000,798,44.38264738598443
ORD00729,1,Backpack,Accessories,5,917,480,4585,2400,2185,47.655398037077425
ORD00730,1,Men's Shirt,Clothing,4,699,350,2796,1400,1396,49.92846924177397
ORD00731,1,Men's Wallet,Accessories,1,281,120,281,120,161,57.29537366548043
ORD00731,2,Smartphone,Electronics,2,14099,12500,28198,25000,3198,11.34122987445918
ORD00732,1,Women's Sandals,Footwear,5,899,500,4495,2500,1995,44.38264738598443
ORD00732,2,Bluetooth Earbuds,Electronics,3,1599,950,4797,2850,1947,40.58786741713571
ORD00733,1,Men's Sneakers,Footwear,2,1299,780,2598,1560,1038,39.95381062355658
ORD00734,1,Power Bank,Electronics,3,939,580,2817,1740,1077,38.232161874334395
ORD00735,1,Smartphone,Electronics,4,15299,12500,61196,50000,11196,18.295313419177724
ORD00735,2,Coffee Mug,Home & Kitchen,3,305,110,915,330,585,63.934426229508205
ORD00736,1,Women's Sandals,Footwear,2,917,500,1834,1000,834,45.47437295528899
ORD00736,2,Water Bottle,Home & Kitchen,3,407,180,1221,540,681,55.77395577395578
ORD00737,1,Coffee Mug,Home & Kitchen,2,287,110,574,220,354,61.672473867595826
ORD00737,2,Backpack,Accessories,3,863,480,2589,1440,1149,44.3800695249131
ORD00738,1,Men's Watch,Accessories,3,1499,850,4497,2550,1947,43.29553035356904
ORD00738,2,Backpack,Accessories,5,899,480,4495,2400,2095,46.60734149054505
ORD00739,1,Men's Wallet,Accessories,1,299,120,299,120,179,59.86622073578596
ORD00740,1,Backpack,Accessories,1,917,480,917,480,437,47.655398037077425
ORD00741,1,Women's Sandals,Footwear,4,845,500,3380,2000,1380,40.828402366863905
ORD00741,2,Men's T-Shirt,Clothing,1,469,280,469,280,189,40.298507462686565
ORD00742,1,Men's T-Shirt,Clothing,1,499,280,499,280,219,43.8877755511022
ORD00743,1,Bedsheet,Home & Kitchen,2,999,560,1998,1120,878,43.94394394394394
ORD00744,1,Men's Watch,Accessories,4,1499,850,5996,3400,2596,43.29553035356904
ORD00745,1,Men's Shirt,Clothing,4,671,350,2684,1400,1284,47.83904619970194
ORD00746,1,Sunglasses,Accessories,5,611,260,3055,1300,1755,57.446808510638306
ORD00746,2,Men's Sneakers,Footwear,2,1325,780,2650,1560,1090,41.132075471698116
ORD00747,1,Bedsheet,Home & Kitchen,2,1019,560,2038,1120,918,45.0441609421001
ORD00747,2,Men's T-Shirt,Clothing,3,509,280,1527,840,687,44.9901768172888
ORD00748,1,Power Bank,Electronics,2,959,580,1918,1160,758,39.520333680917624
ORD00749,1,Backpack,Accessories,2,845,480,1690,960,730,43.19526627218935
ORD00750,1,Coffee Mug,Home & Kitchen,4,287,110,1148,440,708,61.672473867595826
ORD00750,2,Bluetooth Earbuds,Electronics,4,1535,950,6140,3800,2340,38.11074918566775
ORD00751,1,Coffee Mug,Home & Kitchen,5,299,110,1495,550,945,63.21070234113713
ORD00752,1,Men's Shirt,Clothing,5,713,350,3565,1750,1815,50.911640953716685
ORD00753,1,Coffee Mug,Home & Kitchen,5,305,110,1525,550,975,63.934426229508205
ORD00753,2,Backpack,Accessories,5,917,480,4585,2400,2185,47.655398037077425
ORD00754,1,Coffee Mug,Home & Kitchen,4,305,110,1220,440,780,63.934426229508205
ORD00755,1,Smartphone,Electronics,5,15299,12500,76495,62500,13995,18.295313419177724
ORD00756,1,Women's Kurti,Clothing,3,751,430,2253,1290,963,42.743009320905465
ORD00756,2,Bluetooth Earbuds,Electronics,3,1503,950,4509,2850,1659,36.793080505655354
ORD00756,3,Bedsheet,Home & Kitchen,4,939,560,3756,2240,1516,40.36208732694356
ORD00757,1,Men's Watch,Accessories,2,1499,850,2998,1700,1298,43.29553035356904
ORD00758,1,Bluetooth Earbuds,Electronics,2,1631,950,3262,1900,1362,41.75352544451257
ORD00759,1,Men's Jeans,Clothing,2,939,570,1878,1140,738,39.29712460063898
ORD00760,1,Women's Kurti,Clothing,4,815,430,3260,1720,1540,47.239263803680984
ORD00760,2,Sunglasses,Accessories,4,611,260,2444,1040,1404,57.446808510638306
ORD00761,1,Power Bank,Electronics,5,999,580,4995,2900,2095,41.94194194194194
ORD00762,1,Smartphone,Electronics,4,14099,12500,56396,50000,6396,11.34122987445918
ORD00763,1,Water Bottle,Home & Kitchen,4,399,180,1596,720,876,54.88721804511278
ORD00763,2,Men's Watch,Accessories,4,1499,850,5996,3400,2596,43.29553035356904
ORD00764,1,Men's Watch,Accessories,3,1409,850,4227,2550,1677,39.6735273243435
ORD00765,1,Water Bottle,Home & Kitchen,2,407,180,814,360,454,55.77395577395578
ORD00766,1,Women's Sandals,Footwear,2,845,500,1690,1000,690,40.828402366863905
ORD00767,1,Water Bottle,Home & Kitchen,4,399,180,1596,720,876,54.88721804511278
ORD00768,1,Bedsheet,Home & Kitchen,3,999,560,2997,1680,1317,43.94394394394394
ORD00768,2,Coffee Mug,Home & Kitchen,5,299,110,1495,550,945,63.21070234113713
ORD00769,1,Water Bottle,Home & Kitchen,3,407,180,1221,540,681,55.77395577395578
ORD00769,2,Bluetooth Earbuds,Electronics,2,1631,950,3262,1900,1362,41.75352544451257
ORD00770,1,Men's T-Shirt,Clothing,5,469,280,2345,1400,945,40.298507462686565
ORD00770,2,Smartphone,Electronics,3,14099,12500,42297,37500,4797,11.34122987445918
ORD00771,1,Coffee Mug,Home & Kitchen,3,281,110,843,330,513,60.854092526690394
ORD00771,2,Women's Kurti,Clothing,5,751,430,3755,2150,1605,42.743009320905465
ORD00771,3,Men's Shirt,Clothing,5,657,350,3285,1750,1535,46.727549467275495
ORD00772,1,Bedsheet,Home & Kitchen,2,939,560,1878,1120,758,40.36208732694356
ORD00773,1,Water Bottle,Home & Kitchen,2,407,180,814,360,454,55.77395577395578
ORD00773,2,Men's Jeans,Clothing,3,1019,570,3057,1710,1347,44.062806673209025
ORD00773,3,Coffee Mug,Home & Kitchen,5,305,110,1525,550,975,63.934426229508205
ORD00774,1,Women's Kurti,Clothing,1,815,430,815,430,385,47.239263803680984
ORD00775,1,Women's Kurti,Clothing,3,751,430,2253,1290,963,42.743009320905465
ORD00776,1,Men's Watch,Accessories,4,1499,850,5996,3400,2596,43.29553035356904
ORD00776,2,Smartphone,Electronics,1,14999,12500,14999,12500,2499,16.661110740716047
ORD00777,1,Men's Jeans,Clothing,2,1019,570,2038,1140,898,44.062806673209025
ORD00778,1,Bluetooth Earbuds,Electronics,1,1535,950,1535,950,585,38.11074918566775
ORD00779,1,Men's Sneakers,Footwear,3,1325,780,3975,2340,1635,41.132075471698116
ORD00779,2,Smartphone,Electronics,4,15299,12500,61196,50000,11196,18.295313419177724
ORD00780,1,Water Bottle,Home & Kitchen,4,375,180,1500,720,780,52.0
ORD00781,1,Sunglasses,Accessories,4,599,260,2396,1040,1356,56.594323873121866
ORD00782,1,Men's T-Shirt,Clothing,1,499,280,499,280,219,43.8877755511022
ORD00783,1,Sunglasses,Accessories,5,575,260,2875,1300,1575,54.78260869565217
ORD00783,2,Bedsheet,Home & Kitchen,3,959,560,2877,1680,1197,41.605839416058394
ORD00783,3,Men's Shirt,Clothing,1,671,350,671,350,321,47.83904619970194
ORD00784,1,Men's T-Shirt,Clothing,5,509,280,2545,1400,1145,44.9901768172888
ORD00784,2,Backpack,Accessories,1,917,480,917,480,437,47.655398037077425
ORD00784,3,Power Bank,Electronics,1,1019,580,1019,580,439,43.08145240431796
ORD00785,1,Bluetooth Earbuds,Electronics,5,1631,950,8155,4750,3405,41.75352544451257
ORD00785,2,Women's Sandals,Footwear,4,917,500,3668,2000,1668,45.47437295528899
ORD00786,1,Water Bottle,Home & Kitchen,3,399,180,1197,540,657,54.88721804511278
ORD00787,1,Men's T-Shirt,Clothing,2,469,280,938,560,378,40.298507462686565
ORD00787,2,Men's Watch,Accessories,4,1409,850,5636,3400,2236,39.6735273243435
ORD00788,1,Bluetooth Earbuds,Electronics,4,1631,950,6524,3800,2724,41.75352544451257
ORD00789,1,Water Bottle,Home & Kitchen,4,399,180,1596,720,876,54.88721804511278
ORD00789,2,Bedsheet,Home & Kitchen,3,999,560,2997,1680,1317,43.94394394394394
ORD00790,1,Men's Jeans,Clothing,4,999,570,3996,2280,1716,42.94294294294294
ORD00791,1,Men's Wallet,Accessories,3,305,120,915,360,555,60.65573770491803
ORD00792,1,Men's Wallet,Accessories,4,299,120,1196,480,716,59.86622073578596
ORD00793,1,Bedsheet,Home & Kitchen,3,959,560,2877,1680,1197,41.605839416058394
ORD00794,1,Men's Shirt,Clothing,5,713,350,3565,1750,1815,50.911640953716685
ORD00795,1,Water Bottle,Home & Kitchen,4,407,180,1628,720,908,55.77395577395578
ORD00796,1,Backpack,Accessories,4,917,480,3668,1920,1748,47.655398037077425
ORD00796,2,Women's Kurti,Clothing,1,815,430,815,430,385,47.239263803680984
ORD00797,1,Smartphone,Electronics,2,15299,12500,30598,25000,5598,18.295313419177724
ORD00798,1,Backpack,Accessories,3,845,480,2535,1440,1095,43.19526627218935
ORD00798,2,Power Bank,Electronics,2,939,580,1878,1160,718,38.232161874334395
ORD00799,1,Men's Wallet,Accessories,1,299,120,299,120,179,59.86622073578596
ORD00799,2,Women's Sandals,Footwear,3,899,500,2697,1500,1197,44.38264738598443
ORD00799,3,Bedsheet,Home & Kitchen,2,999,560,1998,1120,878,43.94394394394394
ORD00800,1,Men's Jeans,Clothing,4,939,570,3756,2280,1476,39.29712460063898
ORD00801,1,Men's T-Shirt,Clothing,2,499,280,998,560,438,43.8877755511022
ORD00801,2,Men's Sneakers,Footwear,2,1299,780,2598,1560,1038,39.95381062355658
ORD00801,3,Bedsheet,Home & Kitchen,4,999,560,3996,2240,1756,43.94394394394394
ORD00802,1,Sunglasses,Accessories,2,611,260,1222,520,702,57.446808510638306
ORD00803,1,Women's Kurti,Clothing,2,815,430,1630,860,770,47.239263803680984
ORD00804,1,Men's Shirt,Clothing,4,671,350,2684,1400,1284,47.83904619970194
ORD00804,2,Smartphone,Electronics,3,14399,12500,43197,37500,5697,13.188415862212654
ORD00805,1,Men's Sneakers,Footwear,2,1221,780,2442,1560,882,36.11793611793612
ORD00806,1,Men's Jeans,Clothing,5,1019,570,5095,2850,2245,44.062806673209025
ORD00807,1,Bedsheet,Home & Kitchen,2,1019,560,2038,1120,918,45.0441609421001
ORD00807,2,Men's Wallet,Accessories,3,305,120,915,360,555,60.65573770491803
ORD00807,3,Bluetooth Earbuds,Electronics,4,1631,950,6524,3800,2724,41.75352544451257
ORD00808,1,Sunglasses,Accessories,2,575,260,1150,520,630,54.78260869565217
ORD00808,2,Coffee Mug,Home & Kitchen,3,287,110,861,330,531,61.672473867595826
ORD00809,1,Men's Sneakers,Footwear,5,1325,780,6625,3900,2725,41.132075471698116
ORD00809,2,Men's T-Shirt,Clothing,4,509,280,2036,1120,916,44.9901768172888
ORD00810,1,Women's Kurti,Clothing,5,799,430,3995,2150,1845,46.18272841051314
ORD00811,1,Men's Jeans,Clothing,5,1019,570,5095,2850,2245,44.062806673209025
ORD00811,2,Women's Sandals,Footwear,5,917,500,4585,2500,2085,45.47437295528899
ORD00812,1,Men's T-Shirt,Clothing,4,479,280,1916,1120,796,41.544885177453025
ORD00813,1,Women's Sandals,Footwear,2,899,500,1798,1000,798,44.38264738598443
ORD00813,2,Backpack,Accessories,4,899,480,3596,1920,1676,46.60734149054505
ORD00814,1,Water Bottle,Home & Kitchen,2,399,180,798,360,438,54.88721804511278
ORD00814,2,Backpack,Accessories,5,899,480,4495,2400,2095,46.60734149054505
ORD00814,3,Smartphone,Electronics,4,14999,12500,59996,50000,9996,16.661110740716047
ORD00815,1,Men's Sneakers,Footwear,5,1325,780,6625,3900,2725,41.132075471698116
ORD00815,2,Smartphone,Electronics,3,15299,12500,45897,37500,8397,18.295313419177724
ORD00816,1,Men's T-Shirt,Clothing,2,479,280,958,560,398,41.544885177453025
ORD00817,1,Women's Kurti,Clothing,5,799,430,3995,2150,1845,46.18272841051314
ORD00818,1,Smartphone,Electronics,4,15299,12500,61196,50000,11196,18.295313419177724
ORD00819,1,Smartphone,Electronics,3,15299,12500,45897,37500,8397,18.295313419177724
ORD00820,1,Smartphone,Electronics,3,14099,12500,42297,37500,4797,11.34122987445918
ORD00821,1,Sunglasses,Accessories,1,575,260,575,260,315,54.78260869565217
ORD00822,1,Sunglasses,Accessories,4,599,260,2396,1040,1356,56.594323873121866
ORD00823,1,Bedsheet,Home & Kitchen,4,1019,560,4076,2240,1836,45.0441609421001
ORD00824,1,Men's T-Shirt,Clothing,4,469,280,1876,1120,756,40.298507462686565
ORD00824,2,Power Bank,Electronics,5,939,580,4695,2900,1795,38.232161874334395
ORD00825,1,Men's Sneakers,Footwear,5,1221,780,6105,3900,2205,36.11793611793612
ORD00825,2,Sunglasses,Accessories,3,563,260,1689,780,909,53.818827708703374
ORD00826,1,Men's Wallet,Accessories,1,305,120,305,120,185,60.65573770491803
ORD00826,2,Water Bottle,Home & Kitchen,1,407,180,407,180,227,55.77395577395578
ORD00827,1,Bedsheet,Home & Kitchen,4,1019,560,4076,2240,1836,45.0441609421001
ORD00828,1,Power Bank,Electronics,5,999,580,4995,2900,2095,41.94194194194194
ORD00829,1,Women's Kurti,Clothing,1,751,430,751,430,321,42.743009320905465
ORD00830,1,Bluetooth Earbuds,Electronics,2,1631,950,3262,1900,1362,41.75352544451257
ORD00831,1,Men's Wallet,Accessories,2,281,120,562,240,322,57.29537366548043
ORD00831,2,Bluetooth Earbuds,Electronics,4,1503,950,6012,3800,2212,36.793080505655354
ORD00832,1,Men's Sneakers,Footwear,5,1325,780,6625,3900,2725,41.132075471698116
ORD00833,1,Bluetooth Earbuds,Electronics,5,1503,950,7515,4750,2765,36.793080505655354
ORD00833,2,Men's T-Shirt,Clothing,3,469,280,1407,840,567,40.298507462686565
ORD00833,3,Women's Kurti,Clothing,3,751,430,2253,1290,963,42.743009320905465
ORD00834,1,Women's Sandals,Footwear,5,917,500,4585,2500,2085,45.47437295528899
ORD00834,2,Men's Wallet,Accessories,1,305,120,305,120,185,60.65573770491803
ORD00835,1,Sunglasses,Accessories,1,611,260,611,260,351,57.446808510638306
ORD00836,1,Power Bank,Electronics,3,939,580,2817,1740,1077,38.232161874334395
ORD00836,2,Coffee Mug,Home & Kitchen,4,281,110,1124,440,684,60.854092526690394
ORD00836,3,Bedsheet,Home & Kitchen,1,939,560,939,560,379,40.36208732694356
ORD00837,1,Coffee Mug,Home & Kitchen,5,281,110,1405,550,855,60.854092526690394
ORD00838,1,Women's Kurti,Clothing,3,751,430,2253,1290,963,42.743009320905465
ORD00839,1,Men's Jeans,Clothing,5,999,570,4995,2850,2145,42.94294294294294
ORD00840,1,Coffee Mug,Home & Kitchen,4,299,110,1196,440,756,63.21070234113713
ORD00841,1,Men's Sneakers,Footwear,5,1221,780,6105,3900,2205,36.11793611793612
ORD00841,2,Bedsheet,Home & Kitchen,2,939,560,1878,1120,758,40.36208732694356
ORD00842,1,Men's Wallet,Accessories,3,287,120,861,360,501,58.18815331010453
ORD00842,2,Men's Sneakers,Footwear,5,1247,780,6235,3900,2335,37.44987971130714
ORD00842,3,Men's Shirt,Clothing,2,671,350,1342,700,642,47.83904619970194
ORD00843,1,Backpack,Accessories,3,917,480,2751,1440,1311,47.655398037077425
ORD00843,2,Men's Watch,Accessories,2,1529,850,3058,1700,1358,44.408109875735775
ORD00844,1,Smartphone,Electronics,2,14999,12500,29998,25000,4998,16.661110740716047
ORD00844,2,Men's Shirt,Clothing,5,699,350,3495,1750,1745,49.92846924177397
ORD00844,3,Men's Watch,Accessories,5,1499,850,7495,4250,3245,43.29553035356904
ORD00845,1,Men's Sneakers,Footwear,1,1325,780,1325,780,545,41.132075471698116
ORD00846,1,Power Bank,Electronics,4,1019,580,4076,2320,1756,43.08145240431796
ORD00847,1,Men's Jeans,Clothing,2,999,570,1998,1140,858,42.94294294294294
ORD00847,2,Bedsheet,Home & Kitchen,3,999,560,2997,1680,1317,43.94394394394394
ORD00848,1,Men's T-Shirt,Clothing,2,499,280,998,560,438,43.8877755511022
ORD00849,1,Women's Kurti,Clothing,4,767,430,3068,1720,1348,43.9374185136897
ORD00850,1,Men's Watch,Accessories,4,1409,850,5636,3400,2236,39.6735273243435
ORD00850,2,Smartphone,Electronics,1,14099,12500,14099,12500,1599,11.34122987445918
ORD00851,1,Coffee Mug,Home & Kitchen,1,287,110,287,110,177,61.672473867595826
ORD00852,1,Bluetooth Earbuds,Electronics,5,1631,950,8155,4750,3405,41.75352544451257
ORD00853,1,Sunglasses,Accessories,1,611,260,611,260,351,57.446808510638306
ORD00854,1,Men's Wallet,Accessories,5,281,120,1405,600,805,57.29537366548043
ORD00855,1,Men's Sneakers,Footwear,5,1325,780,6625,3900,2725,41.132075471698116
ORD00856,1,Men's T-Shirt,Clothing,3,469,280,1407,840,567,40.298507462686565
ORD00856,2,Men's Jeans,Clothing,1,939,570,939,570,369,39.29712460063898
ORD00857,1,Men's T-Shirt,Clothing,4,479,280,1916,1120,796,41.544885177453025
ORD00857,2,Water Bottle,Home & Kitchen,4,383,180,1532,720,812,53.00261096605744
ORD00857,3,Women's Sandals,Footwear,5,863,500,4315,2500,1815,42.06257242178447
ORD00858,1,Men's Wallet,Accessories,5,305,120,1525,600,925,60.65573770491803
ORD00859,1,Men's Wallet,Accessories,4,299,120,1196,480,716,59.86622073578596
ORD00860,1,Bedsheet,Home & Kitchen,3,999,560,2997,1680,1317,43.94394394394394
ORD00860,2,Men's Wallet,Accessories,2,299,120,598,240,358,59.86622073578596
ORD00861,1,Power Bank,Electronics,2,959,580,1918,1160,758,39.520333680917624
ORD00861,2,Men's Wallet,Accessories,1,287,120,287,120,167,58.18815331010453
ORD00861,3,Women's Sandals,Footwear,5,863,500,4315,2500,1815,42.06257242178447
ORD00862,1,Men's Jeans,Clothing,1,999,570,999,570,429,42.94294294294294
ORD00863,1,Sunglasses,Accessories,3,611,260,1833,780,1053,57.446808510638306
ORD00864,1,Sunglasses,Accessories,2,611,260,1222,520,702,57.446808510638306
ORD00864,2,Men's Wallet,Accessories,1,305,120,305,120,185,60.65573770491803
ORD00864,3,Men's Sneakers,Footwear,3,1325,780,3975,2340,1635,41.132075471698116
ORD00865,1,Bedsheet,Home & Kitchen,4,999,560,3996,2240,1756,43.94394394394394
ORD00866,1,Men's Sneakers,Footwear,4,1325,780,5300,3120,2180,41.132075471698116
ORD00866,2,Women's Kurti,Clothing,4,815,430,3260,1720,1540,47.239263803680984
ORD00867,1,Bluetooth Earbuds,Electronics,5,1631,950,8155,4750,3405,41.75352544451257
ORD00867,2,Women's Sandals,Footwear,2,917,500,1834,1000,834,45.47437295528899
ORD00867,3,Men's Shirt,Clothing,4,713,350,2852,1400,1452,50.911640953716685
ORD00868,1,Men's Sneakers,Footwear,4,1325,780,5300,3120,2180,41.132075471698116
ORD00869,1,Women's Sandals,Footwear,1,917,500,917,500,417,45.47437295528899
ORD00869,2,Men's Sneakers,Footwear,2,1325,780,2650,1560,1090,41.132075471698116
ORD00870,1,Water Bottle,Home & Kitchen,5,399,180,1995,900,1095,54.88721804511278
ORD00871,1,Women's Sandals,Footwear,1,899,500,899,500,399,44.38264738598443
ORD00872,1,Men's Watch,Accessories,5,1439,850,7195,4250,2945,40.931202223766505
ORD00872,2,Men's Wallet,Accessories,3,287,120,861,360,501,58.18815331010453
ORD00873,1,Men's Watch,Accessories,1,1499,850,1499,850,649,43.29553035356904
ORD00873,2,Coffee Mug,Home & Kitchen,3,299,110,897,330,567,63.21070234113713
ORD00873,3,Bedsheet,Home & Kitchen,4,999,560,3996,2240,1756,43.94394394394394
ORD00874,1,Women's Kurti,Clothing,1,799,430,799,430,369,46.18272841051314
ORD00874,2,Backpack,Accessories,4,899,480,3596,1920,1676,46.60734149054505
ORD00875,1,Bedsheet,Home & Kitchen,1,1019,560,1019,560,459,45.0441609421001
ORD00876,1,Smartphone,Electronics,2,14999,12500,29998,25000,4998,16.661110740716047
ORD00877,1,Women's Kurti,Clothing,5,815,430,4075,2150,1925,47.239263803680984
ORD00877,2,Smartphone,Electronics,5,15299,12500,76495,62500,13995,18.295313419177724
ORD00877,3,Water Bottle,Home & Kitchen,5,407,180,2035,900,1135,55.77395577395578
ORD00878,1,Men's Jeans,Clothing,4,939,570,3756,2280,1476,39.29712460063898
ORD00879,1,Men's Sneakers,Footwear,3,1325,780,3975,2340,1635,41.132075471698116
ORD00879,2,Coffee Mug,Home & Kitchen,2,305,110,610,220,390,63.934426229508205
ORD00880,1,Bluetooth Earbuds,Electronics,5,1631,950,8155,4750,3405,41.75352544451257
ORD00881,1,Men's Wallet,Accessories,1,299,120,299,120,179,59.86622073578596
ORD00882,1,Men's Shirt,Clothing,3,657,350,1971,1050,921,46.727549467275495
ORD00882,2,Men's Wallet,Accessories,3,281,120,843,360,483,57.29537366548043
ORD00883,1,Women's Kurti,Clothing,3,799,430,2397,1290,1107,46.18272841051314
ORD00883,2,Bluetooth Earbuds,Electronics,2,1599,950,3198,1900,1298,40.58786741713571
ORD00884,1,Women's Kurti,Clothing,4,815,430,3260,1720,1540,47.239263803680984
ORD00885,1,Power Bank,Electronics,3,999,580,2997,1740,1257,41.94194194194194
ORD00886,1,Men's Sneakers,Footwear,5,1221,780,6105,3900,2205,36.11793611793612
ORD00886,2,Women's Sandals,Footwear,3,845,500,2535,1500,1035,40.828402366863905
ORD00886,3,Men's Wallet,Accessories,5,281,120,1405,600,805,57.29537366548043
ORD00887,1,Men's Sneakers,Footwear,1,1299,780,1299,780,519,39.95381062355658
ORD00888,1,Bluetooth Earbuds,Electronics,5,1503,950,7515,4750,2765,36.793080505655354
ORD00889,1,Water Bottle,Home & Kitchen,1,407,180,407,180,227,55.77395577395578
ORD00890,1,Power Bank,Electronics,3,999,580,2997,1740,1257,41.94194194194194
ORD00891,1,Men's Shirt,Clothing,4,713,350,2852,1400,1452,50.911640953716685
ORD00892,1,Women's Kurti,Clothing,2,751,430,1502,860,642,42.743009320905465
ORD00893,1,Bedsheet,Home & Kitchen,4,1019,560,4076,2240,1836,45.0441609421001
ORD00893,2,Men's Shirt,Clothing,4,713,350,2852,1400,1452,50.911640953716685
ORD00893,3,Coffee Mug,Home & Kitchen,4,305,110,1220,440,780,63.934426229508205
ORD00894,1,Coffee Mug,Home & Kitchen,2,299,110,598,220,378,63.21070234113713
ORD00895,1,Men's Sneakers,Footwear,2,1221,780,2442,1560,882,36.11793611793612
ORD00895,2,Men's Shirt,Clothing,3,657,350,1971,1050,921,46.727549467275495
ORD00895,3,Backpack,Accessories,5,845,480,4225,2400,1825,43.19526627218935
ORD00896,1,Backpack,Accessories,4,899,480,3596,1920,1676,46.60734149054505
ORD00897,1,Power Bank,Electronics,4,999,580,3996,2320,1676,41.94194194194194
ORD00897,2,Women's Kurti,Clothing,2,799,430,1598,860,738,46.18272841051314
ORD00898,1,Sunglasses,Accessories,4,611,260,2444,1040,1404,57.446808510638306
ORD00898,2,Backpack,Accessories,5,917,480,4585,2400,2185,47.655398037077425
ORD00898,3,Power Bank,Electronics,1,1019,580,1019,580,439,43.08145240431796
ORD00899,1,Sunglasses,Accessories,5,563,260,2815,1300,1515,53.818827708703374
ORD00899,2,Bedsheet,Home & Kitchen,2,939,560,1878,1120,758,40.36208732694356
ORD00899,3,Women's Sandals,Footwear,3,845,500,2535,1500,1035,40.828402366863905
ORD00900,1,Men's Watch,Accessories,2,1529,850,3058,1700,1358,44.408109875735775
ORD00900,2,Women's Kurti,Clothing,5,815,430,4075,2150,1925,47.239263803680984
ORD00901,1,Bluetooth Earbuds,Electronics,5,1503,950,7515,4750,2765,36.793080505655354
ORD00901,2,Men's Watch,Accessories,1,1409,850,1409,850,559,39.6735273243435
ORD00902,1,Women's Sandals,Footwear,1,845,500,845,500,345,40.828402366863905
ORD00902,2,Coffee Mug,Home & Kitchen,2,281,110,562,220,342,60.854092526690394
ORD00903,1,Women's Kurti,Clothing,3,815,430,2445,1290,1155,47.239263803680984
ORD00904,1,Men's Shirt,Clothing,5,671,350,3355,1750,1605,47.83904619970194
ORD00905,1,Men's Shirt,Clothing,1,657,350,657,350,307,46.727549467275495
ORD00905,2,Bedsheet,Home & Kitchen,4,939,560,3756,2240,1516,40.36208732694356
ORD00905,3,Men's Wallet,Accessories,2,281,120,562,240,322,57.29537366548043
ORD00906,1,Water Bottle,Home & Kitchen,2,399,180,798,360,438,54.88721804511278
ORD00907,1,Men's Sneakers,Footwear,3,1221,780,3663,2340,1323,36.11793611793612
ORD00908,1,Men's Sneakers,Footwear,3,1221,780,3663,2340,1323,36.11793611793612
ORD00909,1,Coffee Mug,Home & Kitchen,4,305,110,1220,440,780,63.934426229508205
ORD00910,1,Women's Sandals,Footwear,5,917,500,4585,2500,2085,45.47437295528899
ORD00910,2,Women's Kurti,Clothing,5,815,430,4075,2150,1925,47.239263803680984
ORD00910,3,Men's T-Shirt,Clothing,3,509,280,1527,840,687,44.9901768172888
ORD00911,1,Smartphone,Electronics,4,14999,12500,59996,50000,9996,16.661110740716047
ORD00911,2,Bluetooth Earbuds,Electronics,3,1599,950,4797,2850,1947,40.58786741713571
ORD00912,1,Sunglasses,Accessories,3,611,260,1833,780,1053,57.446808510638306
ORD00912,2,Water Bottle,Home & Kitchen,5,407,180,2035,900,1135,55.77395577395578
ORD00912,3,Women's Kurti,Clothing,3,815,430,2445,1290,1155,47.239263803680984
ORD00913,1,Men's Jeans,Clothing,4,939,570,3756,2280,1476,39.29712460063898
ORD00914,1,Women's Kurti,Clothing,2,815,430,1630,860,770,47.239263803680984
ORD00915,1,Men's T-Shirt,Clothing,3,509,280,1527,840,687,44.9901768172888
ORD00915,2,Sunglasses,Accessories,4,611,260,2444,1040,1404,57.446808510638306
ORD00916,1,Men's Wallet,Accessories,3,305,120,915,360,555,60.65573770491803
ORD00916,2,Smartphone,Electronics,3,15299,12500,45897,37500,8397,18.295313419177724
ORD00916,3,Backpack,Accessories,2,917,480,1834,960,874,47.655398037077425
ORD00917,1,Bedsheet,Home & Kitchen,1,959,560,959,560,399,41.605839416058394
ORD00917,2,Women's Kurti,Clothing,2,767,430,1534,860,674,43.9374185136897
ORD00917,3,Bluetooth Earbuds,Electronics,2,1535,950,3070,1900,1170,38.11074918566775
ORD00918,1,Women's Kurti,Clothing,5,799,430,3995,2150,1845,46.18272841051314
ORD00919,1,Women's Kurti,Clothing,3,815,430,2445,1290,1155,47.239263803680984
ORD00919,2,Men's Watch,Accessories,2,1529,850,3058,1700,1358,44.408109875735775
ORD00919,3,Bluetooth Earbuds,Electronics,2,1631,950,3262,1900,1362,41.75352544451257
ORD00920,1,Sunglasses,Accessories,4,599,260,2396,1040,1356,56.594323873121866
ORD00921,1,Sunglasses,Accessories,1,563,260,563,260,303,53.818827708703374
ORD00921,2,Men's Jeans,Clothing,4,939,570,3756,2280,1476,39.29712460063898
ORD00922,1,Smartphone,Electronics,3,14099,12500,42297,37500,4797,11.34122987445918
ORD00922,2,Power Bank,Electronics,2,939,580,1878,1160,718,38.232161874334395
ORD00923,1,Power Bank,Electronics,5,1019,580,5095,2900,2195,43.08145240431796
ORD00923,2,Women's Kurti,Clothing,3,815,430,2445,1290,1155,47.239263803680984
ORD00923,3,Bluetooth Earbuds,Electronics,4,1631,950,6524,3800,2724,41.75352544451257
ORD00924,1,Sunglasses,Accessories,5,599,260,2995,1300,1695,56.594323873121866
ORD00925,1,Bluetooth Earbuds,Electronics,4,1535,950,6140,3800,2340,38.11074918566775
ORD00925,2,Men's Sneakers,Footwear,4,1247,780,4988,3120,1868,37.44987971130714
ORD00926,1,Men's T-Shirt,Clothing,1,509,280,509,280,229,44.9901768172888
ORD00926,2,Men's Watch,Accessories,5,1529,850,7645,4250,3395,44.408109875735775
ORD00927,1,Sunglasses,Accessories,2,599,260,1198,520,678,56.594323873121866
ORD00928,1,Water Bottle,Home & Kitchen,1,407,180,407,180,227,55.77395577395578
ORD00928,2,Bedsheet,Home & Kitchen,2,1019,560,2038,1120,918,45.0441609421001
ORD00929,1,Men's Wallet,Accessories,2,305,120,610,240,370,60.65573770491803
ORD00930,1,Coffee Mug,Home & Kitchen,5,305,110,1525,550,975,63.934426229508205
ORD00930,2,Men's Jeans,Clothing,5,1019,570,5095,2850,2245,44.062806673209025
ORD00931,1,Men's Shirt,Clothing,3,699,350,2097,1050,1047,49.92846924177397
ORD00931,2,Backpack,Accessories,2,899,480,1798,960,838,46.60734149054505
ORD00932,1,Men's Watch,Accessories,1,1499,850,1499,850,649,43.29553035356904
ORD00932,2,Men's T-Shirt,Clothing,4,499,280,1996,1120,876,43.8877755511022
ORD00933,1,Coffee Mug,Home & Kitchen,2,305,110,610,220,390,63.934426229508205
ORD00934,1,Men's Sneakers,Footwear,2,1299,780,2598,1560,1038,39.95381062355658
ORD00935,1,Men's Watch,Accessories,5,1499,850,7495,4250,3245,43.29553035356904
ORD00936,1,Men's Watch,Accessories,3,1529,850,4587,2550,2037,44.408109875735775
ORD00937,1,Sunglasses,Accessories,2,563,260,1126,520,606,53.818827708703374
ORD00937,2,Men's Jeans,Clothing,1,939,570,939,570,369,39.29712460063898
ORD00937,3,Men's Wallet,Accessories,5,281,120,1405,600,805,57.29537366548043
ORD00938,1,Power Bank,Electronics,5,939,580,4695,2900,1795,38.232161874334395
ORD00938,2,Women's Sandals,Footwear,3,845,500,2535,1500,1035,40.828402366863905
ORD00938,3,Coffee Mug,Home & Kitchen,1,281,110,281,110,171,60.854092526690394
ORD00939,1,Bedsheet,Home & Kitchen,1,999,560,999,560,439,43.94394394394394
ORD00940,1,Smartphone,Electronics,2,14099,12500,28198,25000,3198,11.34122987445918
ORD00940,2,Bedsheet,Home & Kitchen,3,939,560,2817,1680,1137,40.36208732694356
ORD00941,1,Water Bottle,Home & Kitchen,3,407,180,1221,540,681,55.77395577395578
ORD00941,2,Power Bank,Electronics,5,1019,580,5095,2900,2195,43.08145240431796
ORD00942,1,Women's Sandals,Footwear,3,899,500,2697,1500,1197,44.38264738598443
ORD00942,2,Smartphone,Electronics,4,14999,12500,59996,50000,9996,16.661110740716047
ORD00943,1,Men's T-Shirt,Clothing,5,479,280,2395,1400,995,41.544885177453025
ORD00944,1,Men's Wallet,Accessories,3,281,120,843,360,483,57.29537366548043
ORD00945,1,Men's Wallet,Accessories,2,305,120,610,240,370,60.65573770491803
ORD00946,1,Men's Shirt,Clothing,4,713,350,2852,1400,1452,50.911640953716685
ORD00946,2,Men's Wallet,Accessories,5,305,120,1525,600,925,60.65573770491803
ORD00947,1,Bluetooth Earbuds,Electronics,2,1631,950,3262,1900,1362,41.75352544451257
ORD00948,1,Men's T-Shirt,Clothing,1,479,280,479,280,199,41.544885177453025
ORD00948,2,Men's Watch,Accessories,5,1439,850,7195,4250,2945,40.931202223766505
ORD00949,1,Sunglasses,Accessories,3,599,260,1797,780,1017,56.594323873121866
ORD00950,1,Water Bottle,Home & Kitchen,1,407,180,407,180,227,55.77395577395578
ORD00951,1,Men's Sneakers,Footwear,1,1247,780,1247,780,467,37.44987971130714
ORD00951,2,Men's T-Shirt,Clothing,1,479,280,479,280,199,41.544885177453025
ORD00952,1,Women's Sandals,Footwear,1,917,500,917,500,417,45.47437295528899
ORD00953,1,Men's Watch,Accessories,1,1499,850,1499,850,649,43.29553035356904
ORD00954,1,Water Bottle,Home & Kitchen,4,383,180,1532,720,812,53.00261096605744
ORD00954,2,Men's Shirt,Clothing,4,671,350,2684,1400,1284,47.83904619970194
ORD00955,1,Women's Kurti,Clothing,2,799,430,1598,860,738,46.18272841051314
ORD00955,2,Men's Shirt,Clothing,4,699,350,2796,1400,1396,49.92846924177397
ORD00956,1,Power Bank,Electronics,2,939,580,1878,1160,718,38.232161874334395
ORD00956,2,Men's T-Shirt,Clothing,1,469,280,469,280,189,40.298507462686565
ORD00956,3,Men's Jeans,Clothing,4,939,570,3756,2280,1476,39.29712460063898
ORD00957,1,Bluetooth Earbuds,Electronics,3,1599,950,4797,2850,1947,40.58786741713571
ORD00958,1,Men's T-Shirt,Clothing,1,469,280,469,280,189,40.298507462686565
ORD00959,1,Coffee Mug,Home & Kitchen,2,299,110,598,220,378,63.21070234113713
ORD00960,1,Men's Shirt,Clothing,1,657,350,657,350,307,46.727549467275495
ORD00960,2,Men's Jeans,Clothing,5,939,570,4695,2850,1845,39.29712460063898
ORD00961,1,Power Bank,Electronics,4,999,580,3996,2320,1676,41.94194194194194
ORD00962,1,Water Bottle,Home & Kitchen,1,407,180,407,180,227,55.77395577395578
ORD00963,1,Bedsheet,Home & Kitchen,1,1019,560,1019,560,459,45.0441609421001
ORD00964,1,Coffee Mug,Home & Kitchen,3,305,110,915,330,585,63.934426229508205
ORD00965,1,Sunglasses,Accessories,2,575,260,1150,520,630,54.78260869565217
ORD00965,2,Men's Sneakers,Footwear,4,1247,780,4988,3120,1868,37.44987971130714
ORD00965,3,Men's Wallet,Accessories,1,287,120,287,120,167,58.18815331010453
ORD00966,1,Women's Sandals,Footwear,3,917,500,2751,1500,1251,45.47437295528899
ORD00967,1,Smartphone,Electronics,3,15299,12500,45897,37500,8397,18.295313419177724
ORD00968,1,Men's Shirt,Clothing,2,713,350,1426,700,726,50.911640953716685
ORD00969,1,Women's Sandals,Footwear,3,863,500,2589,1500,1089,42.06257242178447
ORD00970,1,Men's Wallet,Accessories,1,299,120,299,120,179,59.86622073578596
ORD00971,1,Bedsheet,Home & Kitchen,2,999,560,1998,1120,878,43.94394394394394
ORD00972,1,Water Bottle,Home & Kitchen,4,407,180,1628,720,908,55.77395577395578
ORD00973,1,Power Bank,Electronics,5,1019,580,5095,2900,2195,43.08145240431796
ORD00974,1,Men's T-Shirt,Clothing,5,509,280,2545,1400,1145,44.9901768172888
ORD00975,1,Women's Sandals,Footwear,3,863,500,2589,1500,1089,42.06257242178447
ORD00975,2,Backpack,Accessories,1,863,480,863,480,383,44.3800695249131
ORD00975,3,Men's Wallet,Accessories,5,287,120,1435,600,835,58.18815331010453
ORD00976,1,Water Bottle,Home & Kitchen,5,399,180,1995,900,1095,54.88721804511278
ORD00977,1,Coffee Mug,Home & Kitchen,5,305,110,1525,550,975,63.934426229508205
ORD00978,1,Sunglasses,Accessories,5,599,260,2995,1300,1695,56.594323873121866
ORD00978,2,Water Bottle,Home & Kitchen,3,399,180,1197,540,657,54.88721804511278
ORD00978,3,Bedsheet,Home & Kitchen,2,999,560,1998,1120,878,43.94394394394394
ORD00979,1,Power Bank,Electronics,4,999,580,3996,2320,1676,41.94194194194194
ORD00979,2,Men's Jeans,Clothing,4,999,570,3996,2280,1716,42.94294294294294
ORD00980,1,Men's Wallet,Accessories,5,287,120,1435,600,835,58.18815331010453
ORD00981,1,Water Bottle,Home & Kitchen,3,375,180,1125,540,585,52.0
ORD00981,2,Backpack,Accessories,4,845,480,3380,1920,1460,43.19526627218935
ORD00982,1,Women's Sandals,Footwear,3,899,500,2697,1500,1197,44.38264738598443
ORD00982,2,Bluetooth Earbuds,Electronics,2,1599,950,3198,1900,1298,40.58786741713571
ORD00982,3,Bedsheet,Home & Kitchen,5,999,560,4995,2800,2195,43.94394394394394
ORD00983,1,Backpack,Accessories,4,917,480,3668,1920,1748,47.655398037077425
ORD00983,2,Power Bank,Electronics,4,1019,580,4076,2320,1756,43.08145240431796
ORD00983,3,Men's Shirt,Clothing,3,713,350,2139,1050,1089,50.911640953716685
ORD00984,1,Bedsheet,Home & Kitchen,3,999,560,2997,1680,1317,43.94394394394394
ORD00985,1,Men's Wallet,Accessories,5,305,120,1525,600,925,60.65573770491803
ORD00986,1,Men's Jeans,Clothing,3,999,570,2997,1710,1287,42.94294294294294
ORD00986,2,Women's Sandals,Footwear,1,899,500,899,500,399,44.38264738598443
ORD00987,1,Men's Watch,Accessories,1,1499,850,1499,850,649,43.29553035356904
ORD00988,1,Women's Sandals,Footwear,1,863,500,863,500,363,42.06257242178447
ORD00989,1,Bluetooth Earbuds,Electronics,4,1599,950,6396,3800,2596,40.58786741713571
ORD00989,2,Men's Jeans,Clothing,2,999,570,1998,1140,858,42.94294294294294
ORD00989,3,Men's Wallet,Accessories,4,299,120,1196,480,716,59.86622073578596
ORD00990,1,Men's Sneakers,Footwear,4,1325,780,5300,3120,2180,41.132075471698116
ORD00991,1,Women's Kurti,Clothing,2,751,430,1502,860,642,42.743009320905465
ORD00991,2,Men's Sneakers,Footwear,4,1221,780,4884,3120,1764,36.11793611793612
ORD00992,1,Men's Sneakers,Footwear,4,1299,780,5196,3120,2076,39.95381062355658
ORD00992,2,Women's Sandals,Footwear,4,899,500,3596,2000,1596,44.38264738598443
ORD00992,3,Men's Shirt,Clothing,1,699,350,699,350,349,49.92846924177397
ORD00993,1,Women's Sandals,Footwear,4,917,500,3668,2000,1668,45.47437295528899
ORD00993,2,Backpack,Accessories,4,917,480,3668,1920,1748,47.655398037077425
ORD00993,3,Power Bank,Electronics,5,1019,580,5095,2900,2195,43.08145240431796
ORD00994,1,Bluetooth Earbuds,Electronics,2,1599,950,3198,1900,1298,40.58786741713571
ORD00995,1,Water Bottle,Home & Kitchen,1,375,180,375,180,195,52.0
ORD00996,1,Men's Wallet,Accessories,5,287,120,1435,600,835,58.18815331010453
ORD00996,2,Women's Kurti,Clothing,1,767,430,767,430,337,43.9374185136897
ORD00996,3,Bedsheet,Home & Kitchen,2,959,560,1918,1120,798,41.605839416058394
ORD00997,1,Sunglasses,Accessories,3,575,260,1725,780,945,54.78260869565217
ORD00998,1,Power Bank,Electronics,4,939,580,3756,2320,1436,38.232161874334395
ORD00999,1,Smartphone,Electronics,4,14099,12500,56396,50000,6396,11.34122987445918
ORD01000,1,Men's T-Shirt,Clothing,4,509,280,2036,1120,916,44.9901768172888
